Name,Value,Age,PA
"Franklin Arias",24.4167,20.3781,108
"Jesús Made",20.3338,18.9123,150
"Cooper Ingle",20.2685,24.1178,77
"Ethan Salas",19.2903,19.8466,111
"Eric Hartman",18.2802,19.8055,144
"Bryce Eldridge",17.8457,21.4603,137
"Edward Florentino",17.7463,19.4,73
"Taitn Gray",16.861,18.6384,125
"Jhonny Level",14.8802,19.0219,134
"Luis Peña",14.4681,19.3945,52
"Ramiro Dominguez",14.4235,19.0301,78
"A.J. Ewing",14.1312,21.6548,132
"Kayson Cunningham",13.9073,19.7808,118
"Pedro Ramírez",13.6143,22.0137,169
"George Lombard Jr.",13.6073,20.8438,90
"Henry Bolte",12.9822,22.674,177
"Eli Willits",12.9435,18.3233,154
"Robert Arias",12.9317,19.5616,127
"Rainiel Rodriguez",12.7303,19.2521,128
"Luis Lara",11.8304,22.2192,163
"Nathan Flewelling",11.7992,19.4,112
"Juan Mateo",11.7215,18.874,73
"Juneiker Caceres",11.6052,18.6411,112
"Ralphy Velazquez",11.4053,20.8575,142
"Cooper Flemming",11.3098,19.6685,128
"Colt Emerson",11.2211,20.7123,146
"Edwin Arroyo",11.0516,22.6164,187
"Devin Fitz-Gerald",11.0041,20.6356,140
"Sam Antonacci",10.6653,23.1644,67
"Alirio Ferrebus",10.6025,20.5644,121
"Leo De Vries",10.547,19.4849,146
"Xavier Neyens",10.5388,19.4356,112
"Yeremy Cabrera",10.5298,20.7616,142
"Ronny Cruz",10.2484,19.6164,141
"Yasser Mercedes",10.1031,21.3863,98
"Josiah Hartshorn",9.99686,19.1726,134
"Xavier Isaac",9.98654,22.3041,109
"Wyatt Sanford",9.44474,20.3644,141
"Max Clark",9.10094,21.2904,155
"Josue De Paula",9.06852,20.8685,142
"Felnin Celesten",8.73826,20.5562,131
"Edgleen Perez",8.59541,19.8658,106
"Roldy Brito",8.46487,18.9945,145
"Kahlil Watson",7.92588,22.9753,150
"Ben Ross",7.91635,24.8356,72
"Travis Bazzana",7.86775,23.6082,117
"Justin Gonzales",7.58814,19.263,134
"John Gil",7.56777,19.8959,145
"Caden Bodine",7.34569,22.3452,131
"Nelson Rada",7.04948,20.6164,148
"Esmerlyn Valdez",6.85846,22.1918,160
"Theo Gillen",6.84044,20.5644,99
"Mike Sirota",6.67745,22.8082,130
"Christian Moore",6.67162,23.4603,103
"Héctor Rodríguez",6.66166,22.0712,184
"Yolfran Castillo",6.57787,19.1562,142
"James Tibbs III",6.39166,23.5151,178
"Blaze Jordan",6.3581,23.2986,140
"Zack Gelof",6.31182,26.4685,54
"Jefferson Rojas",6.17964,20.9479,90
"Denzer Guzman",6.10346,22.1589,162
"Enddy Azocar",6.08279,19.1123,135
"Jesus Pinto",6.07439,19.0192,112
"Josh Adamczewski",5.81287,20.9068,107
"Jacob Gonzalez",5.73572,23.8548,172
"Luiyin Alastre",5.68868,20.5233,92
"Josh Hammond",5.68263,19.5397,136
"Yoeilin Cespedes",5.27836,20.5753,138
"Emil Morales",5.27466,19.537,151
"Cooper Pratt",5.21432,21.6329,143
"Ching-Hsien Ko",5.14668,19.6521,98
"Handelfry Encarnacion",5.11202,18.8274,147
"Víctor Mesa Jr.",5.07834,24.5781,72
"Rece Hinds",5.04946,25.5863,87
"Braden Montgomery",5.02864,22.9753,153
"Yophery Rodriguez",5.01495,20.3342,115
"José Mejia",4.96121,20.5178,123
"Luis Guanipa",4.93794,20.3068,136
"Kevin Alvarez",4.92498,18.2274,109
"Chase Harlan",4.8909,19.7425,126
"Luis Lameda",4.88412,20.2164,82
"DJ Layton",4.84926,19.7096,116
"Cole Carrigg",4.76521,23.9151,159
"Axiel Plaz",4.76272,20.6493,117
"Brett Bateman",4.65058,24.0521,82
"Tate Southisene",4.64445,19.4986,155
"Stiven Flores",4.61813,20.2767,84
"Arjun Nimmala",4.59617,20.4712,127
"Noelvi Marte",4.53163,24.474,99
"Creed Willems",4.52343,22.8411,135
"Luke Stevenson",4.46571,21.7069,110
"Nolan Beltran",4.41361,21.1973,99
"Sean Keys",4.3802,22.8658,127
"Alfredo Duno",4.37512,20.2438,127
"Jaison Chourio",4.36608,20.8822,109
"Anderson De Los Santos",4.28738,22.2356,110
"Kendall George",4.19385,21.4356,140
"Ethan Holliday",4.16881,19.1151,117
"Jose Pirela",4.14869,19.9918,86
"Nico Perez",4.14602,21.5425,133
"Jett Williams",4.10433,22.4247,172
"Nick Morabito",4.08467,22.9178,146
"Cooper Kinney",4.08343,23.1918,114
"Manuel Pena",4.08078,22.337,143
"Braylon Payne",4.0749,19.6438,108
"Leo Bernal",4.0619,22.1452,133
"Deyvison De Los Santos",4.00345,22.7945,115
"Seaver King",3.99652,22.9507,137
"Juan Sierra",3.96056,20.326,73
"Braylon Whitaker",3.94643,20.0959,104
"Angel Genao",3.94463,22.8849,139
"Jimmy Crooks",3.939,24.7178,134
"Zyhir Hope",3.93719,21.211,138
"Maick Collado",3.89659,23.2849,76
"Ryan Clifford",3.83709,22.7151,147
"Jonah Cox",3.79869,24.674,111
"Avinson Pinto",3.78893,18.8548,101
"Dauri Fernandez",3.78549,19.0822,129
"Pedro Ibarguen",3.77316,19.7616,75
"Dixon Williams",3.74162,22.2986,74
"Lazaro Montes",3.72345,21.4548,131
"Luke Adams",3.69475,21.9507,51
"Dante Nori",3.69272,21.4959,139
"Sterlin Thompson",3.68793,24.7808,146
"Aroon Escobar",3.6829,21.2603,138
"Ryan Waldschmidt",3.64869,23.4986,156
"Carlos Sanchez",3.63833,21.2301,139
"Matthew Ferrara",3.62947,18.8384,122
"Tai Peete",3.60379,20.6521,133
"Fernando Peguero",3.59194,21.274,75
"Alberto Barriga",3.58254,21.389,82
"Juan Brito",3.58167,24.5342,96
"Joe Mack",3.5594,23.2767,103
"Josh Springer",3.5578,19.8164,62
"Yohandy Morales",3.44548,24.4932,145
"Kevin Alcántara",3.4454,23.737,145
"Bryan Rincon",3.42558,22.1589,132
"Andy Perez",3.40711,21.8411,125
"Ramón Ramírez",3.39238,20.8082,118
"Samuel Zavala",3.38749,21.726,148
"Nehomar Ochoa",3.3846,20.6822,100
"Hector Osorio",3.36609,21,142
"Robert Moore",3.32798,24.0192,70
"Derek Bernard",3.22291,20.6575,124
"James Triantos",3.21399,23.1863,134
"Starlyn Caba",3.20682,20.3315,116
"Mitch Jebb",3.16725,23.9014,88
"Daniel Flames",3.13601,19.4411,102
"Anderdson Rojas",3.12522,22.0795,128
"Paulino Santana",3.09205,19.3836,141
"Yohendrick Pinango",3.08703,23.9178,92
"Isaiah Drake",3.05832,20.726,144
"Dylan O'Rae",3.04987,22.1425,145
"Rafael Ramirez",3.04009,20.7069,72
"Adael Amador",2.99422,22.989,153
"Nate George",2.94972,19.8384,94
"Jackson Castillo",2.94475,22.9315,68
"Eddys Leonard",2.94125,25.4055,135
"Leo Balcazar",2.93117,21.8027,149
"Ty Southisene",2.90976,20.7452,139
"Charles McAdoo",2.90728,24.0877,151
"Drew Romo",2.90072,24.6055,68
"Jesús Rodríguez",2.88382,23.9562,115
"Kemp Alderman",2.86219,23.6301,146
"LuJames Groover",2.85708,23.9753,178
"Danny Serretti",2.81901,25.9178,112
"Tommy Troy",2.78695,24.2192,173
"Charlie Condon",2.77575,22.9808,149
"Lizandro Espinoza",2.72036,23.3781,117
"Carlos Jorge",2.65867,22.5397,98
"Kody Huff",2.64611,25.3205,147
"Will Bush",2.64574,22.0904,120
"Carson Williams",2.64509,22.7836,123
"Jansel Luis",2.64104,21.0849,133
"Niko Kavadas",2.63718,27.4466,108
"Abimelec Ortiz",2.63373,24.1205,121
"Jose Escobar",2.59521,21.5616,117
"Ethan Anderson",2.57112,22.5425,109
"Cristofer Torin",2.565,20.863,120
"Carlos Sanchez",2.55006,21.5425,62
"Jaden Fauske",2.54994,19.3726,128
"Hendry Mendez",2.50836,22.4137,102
"Jason Schiavone",2.49958,23.0521,138
"Angel Feliz",2.48917,19.3863,143
"Cam Collier",2.48319,21.3753,144
"Eric Bitonti",2.48294,20.3836,115
"Keiner Delgado",2.45065,22.2521,97
"Felix Reyes",2.45058,25.0329,84
"Noah Miller",2.44698,23.4,162
"Murf Gray",2.43562,22.2685,141
"Anthony Martinez",2.43548,21.9836,97
"Victor Figueroa",2.41086,22.2658,116
"Dylan Dreiling",2.39794,22.9726,108
"Marco Vargas",2.38198,20.8959,78
"Joshua Báez",2.37753,22.7753,146
"Carlos Colmenarez",2.35725,22.3918,67
"Jack Hurley",2.35377,24.0685,89
"Blake Burke",2.34361,22.8219,146
"Ike Irish",2.33335,22.3616,116
"Jeferson Quero",2.33305,23.4959,131
"Zac Veen",2.32347,24.3178,144
"Nacho Alvarez Jr.",2.31667,22.989,131
"Luis De La Cruz",2.29924,19.5315,105
"Jonathon Long",2.26856,24.211,165
"Aaron Walton",2.24976,21.8959,124
"Drew Davies",2.23085,20.337,112
"Ronny Mauricio",2.21895,25.0082,63
"Jhostynxon Garcia",2.21155,23.3205,84
"Dameury Pena",2.1881,20.5945,125
"Milán Tolentino",2.17884,24.3863,143
"Kristian Campbell",2.15247,23.7753,146
"Bryant Betancourt",2.1413,22.4849,124
"Jake Fox",2.12391,23.1479,81
"Alejandro Osuna",2.12363,23.4904,77
"Jacob Berry",2.12081,24.9233,124
"Mikey Romero",2.10756,22.2329,147
"Marco Luciano",2.10041,24.5726,117
"Gavin Kilen",2.08856,22.0247,137
"Coy James",2.07803,19.1342,137
"Owen Ayers",2.04627,24.8329,117
"JoJo Parker",2.04438,19.6603,128
"Andrew Salas",2.01687,18.0877,124
"Jose Verdugo",1.98707,18.526,112
"Stiven Martinez",1.98079,18.6603,86
"Thomas Sosa",1.98,21.2137,113
"Charles Davalan",1.94295,22.3068,137
"Cristian Jauregui",1.92443,20.1534,73
"Eduardo Beltre",1.92103,19.4877,67
"Colby Thomas",1.90013,25.1945,78
"Yeiferth Castillo",1.88054,19.3808,121
"Luke Dickerson",1.87291,20.6575,150
"Jim Jarvis",1.87144,25.4164,153
"Carlos Virahonda",1.84808,20.3151,116
"Gage Workman",1.84257,26.4548,150
"Tsung-Che Cheng",1.83106,24.6986,121
"Javier Mogollon",1.82952,20.4274,115
"Ricardo Olivar",1.82713,24.6575,112
"Darrien Miller",1.8242,25.0767,83
"Eduardo Tait",1.82416,19.6082,126
"Asbel Gonzalez",1.82168,20.2575,112
"Andrew Fischer",1.8168,21.8658,126
"Eduardo Guerrero",1.8035,20.9096,92
"Ryan Campos",1.78663,23.474,116
"Tommy White",1.77334,23.0986,142
"B.J. Murray",1.76851,26.2548,139
"Homer Bush",1.76803,24.4822,69
"Tommy Sacco",1.75617,26.8822,105
"Ramon Mendoza",1.75306,25.6,107
"Justin Thomas",1.74707,22.5205,120
"Jacob Friend",1.73183,23.1233,125
"Raudi Rodriguez",1.72581,22.7507,134
"Bryce Rainer",1.70474,20.7589,112
"Aeverson Arteaga",1.69933,23.0603,77
"Cameron Cauley",1.69495,23.1644,156
"Dean Moss",1.69165,19.9699,115
"Easton Carmichael",1.69122,22.4247,120
"Anyelo Marquez",1.658,20.3151,128
"Kristian Robinson",1.65466,25.3205,150
"Joshua Kuroda-Grauer",1.64668,23.1808,150
"Brady Ebel",1.6435,18.6986,136
"Anthony Seigler",1.63702,26.8,68
"Michael Arroyo",1.63004,21.4219,142
"Ethan Petry",1.62788,21.8027,130
"Dylan Crews",1.62651,24.1096,156
"Mario Camilletti",1.62624,26.9699,100
"Ronny Simon",1.62579,25.9726,141
"Ilan Fernandez",1.62159,19.4329,81
"Wehiwa Aloy",1.61953,22.1699,121
"Petey Halpin",1.61745,23.8658,128
"Termarr Johnson",1.61197,21.8192,130
"A.J. Vukovich",1.60598,24.7151,53
"Nate Furman",1.59418,24.7069,149
"Victor Bericoto",1.59363,24.3425,148
"Hayden Alvarez",1.58907,19.0493,136
"Emilio Barreras",1.58866,22.5671,82
"JJ Bleday",1.58041,28.4082,104
"Kaeden Kent",1.57385,22.6055,138
"Kleyver Salazar",1.56392,19.9315,106
"Christian Cairo",1.55628,24.8219,169
"Ichiro Cano",1.54337,21.1589,66
"Drew Cavanaugh",1.53974,24.1918,90
"Raylin Heredia",1.53555,22.4055,129
"Logan Wagner",1.53029,22.0767,126
"Christian Martin",1.52689,23.2219,88
"Yandel Ricardo",1.52291,19.4986,122
"Owen Carapellotti",1.52198,22.8411,60
"Jared Serna",1.51578,23.8493,105
"Thayron Liranzo",1.5149,22.7562,63
"Juan Ortuno",1.50852,18.9452,121
"Dario Reynoso",1.5008,21.0411,108
"Angel Ortiz",1.48647,23.5096,110
"Chris Suero",1.4815,22.1918,107
"Diego Velasquez",1.46727,22.5151,100
"Gregory Barrios",1.45813,21.9945,105
"Dean Curley",1.44484,21.9753,123
"Jase Bowen",1.44268,25.5945,144
"Jaime Ferrer",1.42614,23.2767,117
"Josh Kasevich",1.42457,25.2192,151
"Austin Charles",1.42235,22.3973,103
"Cole Mathis",1.40297,22.7014,148
"Lonnie White",1.3953,23.2658,132
"Deward Tovar",1.39279,20.0055,131
"RJ Schreck",1.38586,25.737,150
"Ben McLaughlin",1.37686,23.8548,132
"Colby Jones",1.37241,22.5178,133
"Abraham Nunez",1.37196,20.1315,116
"Ryan Mitchell",1.367,19.2055,128
"Brandon Winokur",1.36278,21.3041,138
"Aron Estrada",1.3579,21.2274,114
"Vincent Perozo",1.35784,23.0877,76
"Rikuu Nishida",1.35455,24.9205,155
"Payton Green",1.35367,23.2192,83
"Breyson Guedez",1.35276,18.5205,144
"Austin Overn",1.35267,22.9096,128
"Zach Ehrhard",1.35053,23.2082,159
"Ben Malgeri",1.33994,26.2356,151
"Gabriel Davalillo",1.33117,18.4137,116
"Jesus Castillo",1.33017,22.737,73
"Will Turner",1.33006,23.5507,103
"Jacob Melton",1.32466,25.5808,82
"Jesus Hernandez",1.31108,22.126,59
"Blaine Bullard",1.30996,19.6384,121
"Jace Jung",1.30677,25.5068,136
"Irvin Nunez",1.30434,20.1205,56
"Emaarion Boyd",1.30383,22.6247,60
"Frederick Bencosme",1.29735,23.2822,104
"Allan Castro",1.29059,22.8712,133
"Devin Taylor",1.28466,22.2493,151
"Brennen Davis",1.27945,26.4301,137
"Dariel Ramon",1.279,20.0548,103
"Jace Bohrofen",1.27317,24.4658,132
"Jack Moroknek",1.27002,22.7726,97
"Ryan Sprock",1.25529,21.5233,95
"Alika Williams",1.25044,27.074,122
"Johanfran Garcia",1.24309,21.326,52
"Julio Henriquez",1.24216,21.4192,57
"Henry Godbout",1.23518,22.4164,112
"Brock Wilken",1.23419,23.8055,152
"Carson Tucker",1.22715,24.2,79
"Kane Kepley",1.22447,22.1425,129
"Sam Petersen",1.22184,23.211,139
"Jonathan Martinez",1.22157,19.6384,83
"Ivan Johnson",1.21975,27.4904,90
"Billy Carlson",1.21604,19.6877,134
"Eliezer Alfonzo",1.21529,26.5397,83
"Jack Gurevitch",1.21515,22.0767,128
"Maximo Acosta",1.21489,23.4384,72
"Drew Gilbert",1.21066,25.526,56
"Mason White",1.20933,22.5425,105
"Nick Montgomery",1.2061,20.411,76
"Jack Suwinski",1.20334,27.6932,150
"Liover Peguero",1.19599,25.2658,137
"Damon Keith",1.18698,25.8603,93
"Dalton McIntyre",1.18442,22.7233,92
"Freili Encarnacion",1.18297,21.1918,104
"Davis Diaz",1.17723,23.0986,127
"Adrian Santana",1.16781,20.7178,119
"Harry Ford",1.15262,23.1233,119
"Jean Walters",1.1494,24.6493,71
"César Prieto",1.14451,26.9123,115
"Blake Mitchell",1.1443,21.674,121
"Enrique Bradfield",1.14051,24.3452,57
"Daniel Vázquez",1.14022,22.3096,128
"Dominic Pitelli",1.13705,24.2164,77
"Max Durrington",1.13617,19.1425,93
"Luca Tresh",1.13474,26.2384,107
"Wenceel Pérez",1.13348,26.4384,51
"Drew Waters",1.12405,27.2712,104
"Chad Stevens",1.12224,27.1753,141
"Jorge Quintana",1.11939,19.0027,116
"Michael Turner",1.10773,27.6384,52
"Josiah Ragsdale",1.10616,22.2931,111
"Aaron Parker",1.1036,23.2192,74
"Billy Amick",1.10101,23.4219,128
"Jonny Farmelo",1.09834,21.5726,144
"Samad Taylor",1.08834,27.7425,147
"Tyler Gentry",1.08799,27.1808,84
"Maxton Martin",1.08583,20.9205,113
"Coby Morales",1.07999,24.337,134
"Roynier Hernandez",1.07717,21.3315,94
"Jud Fabian",1.06589,25.526,149
"Isaiah Barkett",1.06073,22.3863,105
"Robert Hassell III",1.0588,24.6438,119
"Marco Dinges",1.05864,22.5863,111
"Christian Encarnacion-Strand",1.05675,26.3507,128
"Jayson Bass",1.05525,19.937,114
"Johnathan Rodríguez",1.04849,26.4247,78
"Carlos Gutierrez",1.04427,21.6219,111
"Gage Miller",1.04291,23.1014,77
"Andrew Pinckney",1.03904,25.3315,123
"Braxton Fulford",1.03603,27.3288,88
"Yamal Encarnacion",1.03515,22.5781,113
"Buddy Kennedy",1.035,27.5068,139
"Anibal Salas",1.0337,20.5151,98
"T.J. White",1.02993,22.7069,108
"Brooks Bryan",1.02843,21.7288,107
"Ambioris Tavarez",1.02802,22.4,71
"Braiden Ward",1.01915,27.2192,91
"Sam Kulasingam",1.01742,24.7425,143
"Junior Franco",1.01606,23.5644,107
"Scott Bandura",1.00703,24.6795,147
"Cal Conley",1.00216,26.726,78
"Marcos Torres",0.999851,21.5151,133
"Jay Harry",0.995344,23.7205,75
"Braylin Tavera",0.993314,21.126,102
"Jacob Reimer",0.988391,22.1205,113
"Vinny Capra",0.987459,29.7534,114
"Juan Villavicencio",0.986406,21.3644,97
"Jihwan Bae",0.978374,26.7014,117
"Willy Vasquez",0.976895,24.5836,112
"Elijah Hainline",0.975855,23.2959,115
"Brock Rodden",0.975737,25.8685,164
"Aaron Zavala",0.975562,25.789,120
"Alfonsin Rosario",0.971062,21.7918,70
"Jace Avina",0.970773,22.8356,131
"Jacob Humphrey",0.968616,23.1836,127
"Bryan Torres",0.967189,28.7671,135
"Roc Riggio",0.964433,23.8219,123
"Enmanuel Tejeda",0.963362,21.2795,144
"Christian Franklin",0.963347,26.3534,156
"Brandon Compton",0.962973,22.4438,105
"Brett Wisely",0.960391,26.9178,107
"Anthony Huezo",0.954115,20.4247,114
"Truitt Madonna",0.952071,19.0685,134
"Justin Foscue",0.942697,27.1014,140
"Daniel Pierce",0.941129,19.6712,86
"Nick Rodriguez",0.938678,23.4384,123
"Caden Merritt",0.93777,18.8822,75
"Callan Moss",0.923383,22.6,121
"Dakota Jordan",0.920842,22.9123,139
"Frederi Montero",0.920731,19.2301,127
"Marvin Alcantara",0.919002,21.4247,113
"Carson DeMartini",0.918229,23.2767,108
"Michael Toglia",0.916969,27.6438,159
"Félix Amparo",0.914958,20.1041,86
"Carson Roccaforte",0.913108,24.0247,153
"Jacob Amaya",0.91181,27.5945,112
"Ethan Hedges",0.90822,21.9644,123
"Ryan Ward",0.906341,28.1205,153
"Brett Callahan",0.905922,24.4274,131
"Nick Schnell",0.902613,26.0301,104
"Bryan Ramos",0.901564,24.0712,127
"Steward Berroa",0.900095,26.8411,118
