"last_name, first_name","player_id","attempts","avg_hit_angle","anglesweetspotpercent","max_hit_speed","avg_hit_speed","ev50","fbld","gb","max_distance","avg_distance","avg_hr_distance","ev95plus","ev95percent","barrels","brl_percent","brl_pa"
"Clement, Ernie","676391","63","12.5",34.9,"109.7","86.4","96.2","90.8","84.2","372","144",,"17",27,"0",0,0
"Lile, Daylen","695734","63","12.5",42.9,"107","88.4","98.3","90.5","85.6","354","172",,"25",40.3,"2",3.2,2.6
"Baldwin, Drake","686948","61","11.9",45.9,"110.2","89.4","101.1","97.3","81.6","410","176","394","26",42.6,"10",16.4,12.2
"Adell, Jo","666176","60","19.7",23.3,"113.2","90.9","101.4","92.2","89.9","445","176","428","28",46.7,"3",5,3.9
"Kwan, Steven","680757","60","14.8",31.7,"100.8","81.6","91.1","84","81.5","381","131","381","4",6.7,"1",1.7,1.3
"Freeman, Freddie","518692","60","15.8",40,"110.3","92.7","102.4","97","86.5","438","193","412","31",51.7,"10",16.7,13.3
"Bregman, Alex","608324","60","14.1",23.3,"108.3","90.7","99.9","94.5","88.8","399","147","388","28",46.7,"4",6.7,5.1
"Keaschall, Luke","807712","59","14.1",37.3,"105.4","84.9","96.4","89.8","82.4","382","161","367","15",25.4,"2",3.4,2.6
"Ramírez, José","608070","59","29.3",40.7,"110.8","90.2","100.2","94.7","85.7","403","224","392","24",40.7,"7",11.9,8.9
"Edwards, Xavier","669364","59","9.9",32.2,"103.9","89.8","97.8","92.7","88","377","147","377","25",42.4,"2",3.4,2.7
"Arraez, Luis","650333","59","14.6",30.5,"97.8","85.4","93.7","87.6","84.6","372","144",,"11",18.6,"0",0,0
"Hoerner, Nico","663538","58","16",32.8,"105.8","84.6","94.9","89.8","82.8","375","168","369","14",24.1,"0",0,0
"Lindor, Francisco","596019","58","14.3",29.3,"111.3","89.1","99.3","93.9","85.8","402","163","402","22",37.9,"5",8.6,6
"Burleson, Alec","676475","58","12.3",27.6,"111.6","92.8","101.9","96.2","90.4","432","155","431","30",51.7,"7",12.1,9.3
"Simpson, Chandler","802415","58","-1.5",31,"100.1","82.7","93.1","87.1","81.4","335","106",,"8",13.8,"0",0,0
"Wilson, Jacob","805779","57","3.6",26.3,"102.1","84.5","96.7","86","86.3","352","117",,"20",35.1,"0",0,0
"Albies, Ozzie","645277","57","14.2",33.3,"107.7","86","96.7","91.7","82.1","382","164","376","17",29.8,"2",3.5,2.6
"Bogaerts, Xander","593428","57","11.1",38.6,"110.4","89.5","100.6","94","86.3","399","159","391","23",40.4,"4",7,5.8
"Naylor, Josh","647304","56","12.8",33.9,"111.5","87.2","97.8","90.7","86.8","433","147","399","20",35.7,"4",7.1,5.4
"Garcia, Maikel","672580","56","11.6",37.5,"110.2","93.6","102.1","94.3","94.4","412","184","400","29",51.8,"7",12.5,9.3
"Bichette, Bo","666182","56","5.4",37.5,"108.9","90.4","100","92.9","88.1","389","142","344","22",39.3,"1",1.8,1.2
"Perdomo, Geraldo","672695","55","8.7",21.8,"106.3","86.7","97.4","90.3","84.1","398","121","398","16",29.1,"1",1.8,1.4
"Díaz, Yandy","650490","55","5.7",18.2,"112.8","91.9","103.6","94.1","91.2","391","140","368","27",49.1,"4",7.3,5.5
"Acuña Jr., Ronald","660670","55","15",38.2,"112.3","88","101.3","96.8","80.4","411","169","411","24",43.6,"9",16.4,11.1
"Turner, Trea","607208","55","14.9",25.5,"109.7","87.3","96.6","87.8","87.9","359","155","359","15",27.3,"1",1.8,1.3
"Merrill, Jackson","701538","54","13.8",25.9,"108.6","88.5","100.9","97.8","80.9","425","166","399","27",50,"7",13,9.9
"Nimmo, Brandon","607043","53","10",32.1,"106.4","89.4","99.6","94.2","86.5","410","153","404","21",39.6,"5",9.4,6.6
"Walker, Christian","572233","53","14.9",37.7,"112.2","90.5","101.8","94.7","85.9","422","166","393","26",49.1,"8",15.1,11.1
"McGonigle, Kevin","805808","53","19.5",37.7,"109.5","88.1","99","94.5","77.4","408","187","408","20",37.7,"5",9.4,6.9
"Harper, Bryce","547180","53","10.9",37.7,"112.5","88.9","100.3","94.5","81.6","425","187","422","21",39.6,"8",15.1,11.1
"Chapman, Matt","656305","53","4.5",18.9,"113","88.7","101.1","96.3","87.2","386","118","349","18",34,"2",3.8,2.8
"Lopez, Otto","672640","53","8.1",20.8,"112.8","93","102.9","95.3","91.2","392","162","385","29",54.7,"7",13.2,10
"Altuve, Jose","514888","52","5.9",32.7,"105.9","84.7","98","94","80.1","389","137","376","20",38.5,"4",7.7,5.1
"Marte, Ketel","606466","52","7.8",36.5,"116.9","92.4","103.8","95.2","90","443","155","411","25",48.1,"5",9.6,6.9
"Riley, Austin","663586","52","21.1",30.8,"109.7","89.1","100.5","93.5","88.3","372","157",,"21",40.4,"3",5.8,4
"Perez, Salvador","521692","52","21.5",28.8,"108.5","89.5","101.1","92.2","91.5","417","163","404","21",40.4,"6",11.5,8.8
"Wetherholt, JJ","802139","52","13.8",38.5,"107.9","89.8","99","94.6","85","425","170","396","21",40.4,"4",7.7,5.2
"Guerrero Jr., Vladimir","665489","52","2.3",32.7,"115.7","92.7","104.2","96.5","90.5","437","137","437","25",48.1,"8",15.4,11.4
"Ward, Taylor","621493","52","18.5",42.3,"106.7","87.8","97.5","91","84.8","372","178",,"16",30.8,"0",0,0
"Alvarez, Yordan","670541","52","24.6",42.3,"114.2","93","104.6","94.6","91.3","416","234","392","24",46.2,"10",19.2,12.5
"Schanuel, Nolan","694384","52","9.1",32.7,"105.7","87.4","97.4","90","85.5","383","148","361","18",34.6,"1",1.9,1.4
"Bellinger, Cody","641355","51","22.2",29.4,"105.5","87","98.1","90.9","86.3","399","180","394","20",39.2,"4",7.8,5.7
"Semien, Marcus","543760","51","21.2",29.4,"106.3","86.7","97.8","91.9","73.2","407","209","407","20",39.2,"3",5.9,4.3
"Dubón, Mauricio","643289","51","16.2",37.3,"106.3","88.3","98.4","91.8","87.7","413","163","393","18",35.3,"4",7.8,6.1
"Marsee, Jakob","805300","51","20.8",29.4,"109","88.3","98.6","92.4","86.6","398","175",,"20",39.2,"1",2,1.2
"Tatis Jr., Fernando","665487","51","4.8",37.3,"113.5","95.2","106.3","100.2","91.6","370","156",,"37",72.5,"7",13.7,9.1
"Story, Trevor","596115","51","10.8",37.3,"109.6","88.2","98.4","92.4","84.2","402","154","402","20",39.2,"2",3.9,2.6
"Herrera, Iván","671056","51","3.8",31.4,"111.7","90","101.8","99","86.7","401","133","401","26",51,"3",5.9,3.8
"Abreu, Wilyer","677800","51","16.5",29.4,"113.1","91","103.4","95.6","88.1","388","183","372","26",51,"7",13.7,9.9
"Witt Jr., Bobby","677951","51","17.8",35.3,"115.6","93.4","104.7","97.1","95.3","373","178",,"28",54.9,"6",11.8,8.1
"Adames, Willy","642715","50","24.7",40,"105.7","88.4","98.9","94.1","80.4","402","206","375","20",40,"6",12,8.5
"O'Hearn, Ryan","656811","50","12",36,"108.1","89.4","99.7","93.8","84.2","402","175","387","22",44,"5",10,7
"Giménez, Andrés","665926","50","8.1",26,"108.9","86.8","97.7","90.2","85.6","406","155","386","15",30,"3",6,4.8
"Lee, Jung Hoo","808982","50","11.3",32,"104","88.9","97.5","89.9","88","361","164","361","19",38,"1",2,1.5
"Arozarena, Randy","668227","50","6.6",36,"109.6","90.9","100.6","92.8","89.2","426","149","426","21",42,"4",8,5.3
"Abrams, CJ","682928","50","16.6",38,"110.8","91.9","102.1","92.5","92.5","391","185","379","25",50,"7",14,10.3
"Correa, Carlos","621043","50","8.7",40,"113.1","91.2","102.6","93.8","89.5","411","149","402","22",44,"5",10,7.7
"Hicks, Liam","689414","49","8.2",34.7,"106.5","88.8","98.7","92.1","85.2","384","159","367","19",38.8,"3",6.1,5.2
"Varsho, Daulton","662139","49","17.5",38.8,"110.2","85.1","97.2","90.6","80.5","405","175","388","17",34.7,"3",6.1,4.8
"Aranda, Jonathan","666018","49","20.4",42.9,"107","93","101","92.7","95.5","405","217","399","24",49,"5",10.2,6.7
"Henderson, Gunnar","683002","49","18.9",34.7,"107.1","90.6","100.2","96.8","85.4","410","176","388","23",46.9,"6",12.2,7.4
"Ramírez, Agustín","682663","49","11",26.5,"114.9","88.5","100.1","93.4","89.3","418","136","418","17",34.7,"3",6.1,4.1
"Rodríguez, Julio","677594","48","4.7",20.8,"111.3","87.9","100.7","93","85.1","426","118","426","18",37.5,"2",4.2,2.6
"Neto, Zach","687263","48","25",33.3,"107","89.7","99.6","95.7","76.1","443","200","397","18",37.5,"6",12.5,7
"Soderstrom, Tyler","691016","48","9",22.9,"113.2","89.7","101.3","97.8","83.3","420","140","403","21",43.8,"4",8.3,5.6
"Olson, Matt","621566","48","13.9",35.4,"111.6","92.5","103.9","99.2","87.2","441","169","424","22",45.8,"9",18.8,11.3
"Pasquantino, Vinnie","686469","48","19",29.2,"106.5","88.6","97.9","93.2","86.2","372","165",,"14",29.2,"2",4.2,2.7
"Bohm, Alec","664761","48","6.4",41.7,"108.8","88.5","99.4","92","87.5","391","142","354","19",39.6,"0",0,0
"Buxton, Byron","621439","47","29.7",36.2,"109.3","89.8","100.2","94.4","82","438","206","420","22",46.8,"7",14.9,9.7
"Stewart, Sal","701398","47","13.8",40.4,"111.4","93.4","104.1","95.4","91","409","190","391","24",51.1,"10",21.3,13.9
"Smith, Cam","701358","47","9.1",27.7,"112.3","90.7","104.2","94.3","87.8","462","167","403","25",53.2,"8",17,11.1
"Greene, Riley","682985","47","10.3",29.8,"111","89","102.3","97.5","82.6","408","173","408","24",51.1,"6",12.8,8.3
"Torres, Gleyber","650402","47","7.8",44.7,"101","83.9","94.2","88.3","78","397","168","364","11",23.4,"3",6.4,4.1
"García Jr., Luis","671277","47","11.5",29.8,"109.7","90.8","101","95.9","87.2","405","148","405","20",42.6,"4",8.5,7
"Crow-Armstrong, Pete","691718","47","23.5",17,"111.5","91.8","102.2","93.5","94.7","399","141","389","21",44.7,"2",4.3,2.7
"Caminero, Junior","691406","47","16.8",27.7,"116.9","90.2","101.3","94.9","90","401","135","399","17",36.2,"4",8.5,5.6
"Rocchio, Brayan","677587","47","10",27.7,"108.1","88.2","98.6","91.3","87.9","402","149","390","16",34,"2",4.3,3
"Burger, Jake","669394","47","5",34,"113.6","90.6","103.4","94.4","87.1","438","157","403","25",53.2,"6",12.8,8.3
"Contreras, William","661388","46","18.4",21.7,"110.9","91.8","101.3","95.6","94.3","415","148","397","21",45.7,"2",4.3,3.1
"Ohtani, Shohei","660271","46","14.7",34.8,"114.6","94","103.7","96.7","91.3","438","199","403","24",52.2,"11",23.9,13.4
"Tovar, Ezequiel","678662","46","14",54.3,"108.9","89.8","101.1","95.1","80.9","401","195","401","22",47.8,"4",8.7,5.8
"Laureano, Ramón","657656","46","12.5",37,"107.3","89.3","101","94.3","83.7","423","188","396","23",50,"7",15.2,10.6
"Trout, Mike","545361","46","22.6",37,"111.6","92.8","104.1","98.6","83.7","445","230","421","21",45.7,"13",28.3,16.3
"De La Cruz, Elly","682829","46","13.1",37,"111.9","94.7","104.5","95.4","93.9","405","174","377","24",52.2,"7",15.2,9.3
"Reynolds, Bryan","668804","46","9.2",41.3,"109.5","93.1","103.4","97.1","88.6","417","173","405","23",50,"5",10.9,6.6
"Tucker, Kyle","663656","46","13.2",30.4,"104.3","87.3","98.1","88.9","86.8","404","157","404","18",39.1,"1",2.2,1.3
"Devers, Rafael","646240","46","13.9",32.6,"108.1","90.7","101.9","94.7","88.3","411","182","408","22",47.8,"5",10.9,7
"McLain, Matt","680574","46","22.3",26.1,"110.5","87.7","97.6","90.2","88.7","385","170",,"13",28.3,"4",8.7,5.4
"Durbin, Caleb","702332","46","5.8",21.7,"103.4","85","95.5","91.2","82.8","339","100",,"11",23.9,"0",0,0
"Martínez, Angel","682657","46","19",30.4,"110.1","89.7","102.4","88.8","93.3","398","159","386","19",41.3,"3",6.5,5.3
"Marsh, Brandon","669016","46","10.1",45.7,"108.6","90.9","101","92.5","89.1","454","169","413","22",47.8,"3",6.5,4.8
"Acuña, Luisangel","682668","45","4.9",11.1,"109.8","87.8","98.2","90.7","87.5","360","122",,"15",33.3,"1",2.2,1.9
"Rumfield, TJ","681198","45","17.5",46.7,"107.6","88.5","98.9","92.1","84","423","193","405","19",42.2,"4",8.9,6.3
"Meidroth, Chase","805367","45","6.8",24.4,"107.7","87.6","98.4","92","85.1","417","135","417","19",42.2,"2",4.4,2.9
"Walker, Jordan","691023","45","14.1",46.7,"115.2","95.8","106.6","98.9","92.7","459","209","413","28",62.2,"11",24.4,15.7
"Pages, Andy","681624","45","19.3",35.6,"109.2","91.9","102.2","94.7","94.9","412","177","392","25",55.6,"4",8.9,6
"DeLauter, Chase","800050","45","13.2",44.4,"111.2","93","103.3","94.2","92.1","422","188","381","23",51.1,"8",17.8,12.7
"Caratini, Victor","605170","45","12.4",42.2,"106","88.9","98.6","91.1","88.5","423","161","423","18",40,"3",6.7,4.8
"Polanco, Jorge","593871","45","10.9",40,"108.7","87.3","98.2","90.6","85","379","168","346","15",33.3,"2",4.4,3.3
"Harris II, Michael","671739","45","5.4",26.7,"111.6","92.1","103.1","96.4","88.9","425","148","399","21",46.7,"7",15.6,11.5
"Cruz, Oneil","665833","44","7.9",38.6,"115.4","97.1","108.8","100.4","95.5","444","173","418","27",61.4,"9",20.5,12
"Stott, Bryson","681082","44","7.6",31.8,"106.6","89.9","99.7","92.9","86.7","377","156",,"22",50,"3",6.8,5.1
"Seager, Corey","608369","44","17.2",34.1,"110.3","90.6","101.7","93.8","87.6","422","186","405","20",45.5,"7",15.9,9.5
"Bell, Josh","605137","44","17.9",43.2,"106","89.6","99.7","92.7","86.7","401","199","392","21",47.7,"5",11.4,6.9
"Arenado, Nolan","571448","44","23.7",27.3,"103.9","83.8","95.1","87.1","83.7","401","163","399","11",25,"2",4.5,3.3
"Raleigh, Cal","663728","44","24.5",34.1,"107.8","83.8","96.1","88","74.4","418","194","391","11",25,"4",9.1,5.1
"Busch, Michael","683737","44","14.3",25,"105.4","84.7","96.4","91.8","77.4","380","143",,"14",31.8,"2",4.5,3
"Diaz, Yainer","673237","44","3.3",15.9,"108.3","86.8","97.7","91.4","84.4","372","103","372","12",27.3,"1",2.3,1.8
"Alonso, Pete","624413","43","10.8",34.9,"108.8","95","102.4","97","92.4","400","180","400","25",58.1,"3",7,4.1
"García, Adolis","666969","43","20.3",37.2,"109.5","92.7","101.8","94.2","94.6","405","190","377","21",48.8,"5",11.6,7.2
"Young, Cole","702284","43","18.1",34.9,"111.3","84.9","95.4","90.5","81.4","397","166","381","12",27.9,"3",7,4.3
"Cronenworth, Jake","630105","43","8.4",27.9,"108.6","89.3","99.4","91.6","88.6","399","139","399","15",34.9,"2",4.7,3.2
"Langford, Wyatt","694671","42","13.8",23.8,"109","90.1","100.5","94.8","89.3","395","142","365","17",40.5,"3",7.1,5.2
"Anthony, Roman","701350","42","10.6",42.9,"112.3","92.1","102.7","96.2","88.1","391","156","391","19",45.2,"5",11.9,7
"Young, Jacob","696285","42","10.3",45.2,"103.9","88.4","98.5","90.8","88","385","164","383","17",40.5,"3",7.1,5.8
"Judge, Aaron","592450","42","8.2",35.7,"116.2","90.9","105.7","103.4","81.3","456","186","407","22",52.4,"12",28.6,16.2
"McNeil, Jeff","643446","42","9.3",33.3,"103.5","86.3","96.7","90.1","85","353","127",,"14",33.3,"0",0,0
"Chisholm Jr., Jazz","665862","42","16.8",16.7,"106","88.1","98.1","93.9","84.5","344","139",,"14",33.3,"2",4.8,3
"Lowe, Brandon","664040","42","18.9",28.6,"108.5","84.6","99.4","94.7","79","444","170","390","18",42.9,"5",11.9,7.4
"Wood, James","695578","42","3.3",33.3,"116.3","94.7","108.2","105.4","87.6","416","164","395","25",59.5,"10",23.8,12
"Machado, Manny","592518","41","7.4",31.7,"108","86.4","98.1","91.8","81","403","161","384","14",34.1,"3",7.3,4.4
"Soler, Jorge","624585","41","20.3",39,"111.3","88.4","100.3","92.1","85.8","418","195","390","17",41.5,"6",14.6,7.6
"Langeliers, Shea","669127","41","24.4",46.3,"111.6","93.2","102.2","93.8","97.6","420","225","394","18",43.9,"5",12.2,7.2
"Smith, Will","669257","41","17.7",43.9,"110.8","88.8","99","94.5","80.2","418","192","416","15",36.6,"5",12.2,8.5
"O'Hoppe, Logan","681351","41","17.9",24.4,"108.4","87.7","99.4","92.8","85.8","377","162",,"16",39,"3",7.3,4.8
"Frelick, Sal","686217","41","10.2",24.4,"106.7","85.7","97.7","88.3","86.3","407","129","407","11",26.8,"1",2.4,1.6
"Carroll, Corbin","682998","41","6.4",39,"109.5","91.9","101.3","95.4","87.5","410","167","407","18",43.9,"5",12.2,7.6
"Smith, Josh","669701","41","15.7",36.6,"105.3","86.8","97.8","89.3","83.7","383","179",,"14",34.1,"2",4.9,3.6
"Fortes, Nick","663743","41","8.4",31.7,"108.8","87.2","100.7","92.7","84.9","408","128","408","17",41.5,"1",2.4,2.1
"Friedl, TJ","670770","41","15.1",9.8,"104.5","84.1","94.3","82.1","85.7","325","99",,"7",17.1,"0",0,0
"Vargas, Miguel","678246","41","12.8",39,"109.1","86.4","99.4","92.6","76.9","402","178","402","17",41.5,"4",9.8,6
"Keith, Colt","690993","41","13.7",41.5,"105.9","93.9","102.4","93.8","95.5","414","178",,"23",56.1,"4",9.8,7
"House, Brady","691781","41","6.7",29.3,"110.8","88.7","99.4","92.1","85","423","160","395","17",41.5,"4",9.8,6.2
"Springer, George","543807","40","22.6",25,"108.8","88.9","99.5","94.8","85.4","416","154","389","17",42.5,"4",10,6.5
"Scott II, Victor","687363","40","0.4",30,"103.8","87.1","96.2","88.5","86.1","365","109",,"9",22.5,"0",0,0
"Nuñez, Nasim","683083","40","7.8",30,"103.2","85.1","94.4","89.1","82.6","335","139",,"7",17.5,"0",0,0
"Robert Jr., Luis","673357","40","7.8",15,"112.4","89.5","101.8","94.1","87.3","412","136","400","17",42.5,"2",5,3
"Mullins, Cedric","656775","40","28.6",25,"104.2","87","96.8","91.9","79.1","367","190","367","13",32.5,"1",2.5,1.8
"Stanton, Giancarlo","519317","40","21.4",40,"116.3","92.4","102.6","96","89.3","414","184","414","14",35,"5",12.5,7.8
"Turang, Brice","668930","39","14.9",35.9,"109.6","93.5","102.3","98.3","88.3","433","187","401","19",48.7,"4",10.3,6.1
"Crawford, Justin","702222","39","-3.6",25.6,"106.9","88.1","98.1","90.4","87.3","351","100",,"12",30.8,"1",2.6,1.8
"Baty, Brett","683146","39","8.3",30.8,"110.6","90.8","99.9","94.7","86.5","368","152",,"14",35.9,"3",7.7,5.3
"Bauers, Jake","641343","39","7.7",28.2,"112.4","93.7","103.9","100.5","88.5","428","160","395","22",56.4,"6",15.4,10.9
"Caballero, José","676609","39","8.6",30.8,"108.2","82.2","96.6","90.7","75.5","370","136","370","11",28.2,"2",5.1,3.4
"Suárez, Eugenio","553993","39","19.5",33.3,"109.6","85.6","99.3","91","81.7","431","160","421","9",23.1,"4",10.3,6
"Yastrzemski, Mike","573262","39","9.3",20.5,"105","89.8","98.8","93","88.4","367","141",,"15",38.5,"1",2.6,1.6
"Montgomery, Colson","695657","39","26.2",35.9,"108.6","85.4","96.9","87.6","85.3","405","168","379","11",28.2,"4",10.3,6
"Lee, Brooks","686797","39","15.7",28.2,"104.1","88.2","97.9","90.7","88.6","382","150","367","15",38.5,"2",5.1,3.8
"Gonzales, Nick","693304","39","5.1",33.3,"108.6","87.3","99.4","94.3","82.9","359","142",,"16",41,"1",2.6,1.9
"Steer, Spencer","668715","39","20.8",38.5,"107.1","87.6","99.7","93.7","82.2","401","206","394","12",30.8,"7",17.9,12.1
"Muncy, Max","691777","39","6.2",43.6,"111.4","95.3","105.4","100.6","91.3","404","154","383","27",69.2,"5",12.8,7.5
"Donovan, Brendan","680977","39","12.7",38.5,"103.9","84.7","95.7","91.1","81.1","381","142","348","11",28.2,"2",5.1,3.3
"Grisham, Trent","663757","39","15.1",25.6,"105.7","92.1","101.7","97.8","89.4","391","182","373","25",64.1,"5",12.8,7.7
"Duran, Jarren","680776","39","12.8",28.2,"114.7","90.4","102.8","94.6","92.1","424","146","424","16",41,"5",12.8,8.1
"Ramos, Heliot","671218","39","6.5",30.8,"111.3","89.3","101.4","90.9","88","360","115",,"15",38.5,"2",5.1,3.1
"Rafaela, Ceddanne","678882","38","10.9",39.5,"108.6","88.7","98.3","90","87.5","352","165","337","14",36.8,"3",7.9,5.8
"Bailey, Patrick","672275","38","11.5",23.7,"105.9","89.1","97.5","89.3","91.7","376","138",,"14",36.8,"2",5.3,4.3
"Dingler, Dillon","693307","38","7.4",42.1,"107.6","92.8","101.9","98.3","87.1","433","169","413","22",57.9,"6",15.8,10.5
"Contreras, Willson","575929","38","14.5",31.6,"112.8","91.1","103.6","93.4","89.5","423","167","399","16",42.1,"6",15.8,8.3
"Norby, Connor","681393","38","16.2",26.3,"104.9","87.4","96.9","90.9","84","380","179","376","14",36.8,"4",10.5,6.5
"Jackson, Jeremiah","669236","38","-0.6",31.6,"109","87.3","98.7","90","85.2","427","143","406","11",28.9,"4",10.5,8
"Williamson, Ben","810938","38","4.3",36.8,"107","85.2","97.4","91.8","80.8","348","131",,"13",34.2,"0",0,0
"Rengifo, Luis","650859","38","3.7",23.7,"107.3","85.6","97.5","91.8","82","351","120",,"13",34.2,"3",7.9,6
"Hayes, Ke'Bryan","663647","38","24.3",34.2,"104.6","91.3","98.8","92.5","89.3","381","207",,"14",36.8,"2",5.3,4.5
"Sánchez, Jesús","660821","38","11.6",42.1,"112.3","91.4","100.7","92.6","90.6","417","170","412","17",44.7,"3",7.9,5.6
"Happ, Ian","664023","38","9.8",39.5,"111.2","90.9","102.7","95.6","84.5","393","181","377","19",50,"7",18.4,10
"Johnston, Troy","687859","38","7.8",36.8,"106.3","88.5","98.5","95.6","80.4","423","166","415","14",36.8,"2",5.3,3.9
"Kelly, Carson","608348","37","15.9",37.8,"108.4","95.2","102.7","96.2","97.3","422","175","422","23",62.2,"5",13.5,9.1
"Swanson, Dansby","621020","37","13.4",37.8,"108.9","90.7","101","97.9","83.5","394","179","377","21",56.8,"5",13.5,7.1
"Jung, Josh","673962","37","5.5",43.2,"106.3","89.7","99.8","92.1","87.6","379","131",,"18",48.6,"0",0,0
"Yelich, Christian","592885","37","-2.4",13.5,"111.1","89.4","100.9","94.3","87.8","421","90","421","15",40.5,"2",5.4,3.6
"Peña, Jeremy","665161","37","18.3",40.5,"106.5","86.1","97.4","89.2","83.8","368","190",,"11",29.7,"1",2.7,2.2
"Shaw, Matt","807713","37","12.1",35.1,"106","87.6","96.9","88.6","87.3","396","164","361","12",32.4,"3",8.1,6
"Hernández, Teoscar","606192","36","10",38.9,"110.7","89.7","99.6","92.7","86.7","414","170","393","14",38.9,"4",11.1,6.8
"Sheets, Gavin","657757","36","10.7",38.9,"109.2","88.7","100.3","95.4","87.5","434","150","425","16",44.4,"4",11.1,7.7
"Paredes, Isaac","670623","36","27.9",36.1,"105.3","88.5","96.4","90.9","87.9","362","197",,"10",27.8,"0",0,0
"Bader, Harrison","664056","36","9.7",27.8,"107.3","87.1","98.6","94.5","84.7","408","126","408","14",38.9,"3",8.3,5.5
"Okamoto, Kazuma","672960","36","20.2",33.3,"110.4","88.6","100.3","96.3","85","420","168","410","14",38.9,"3",8.3,4.7
"Alvarez, Francisco","682626","36","6.9",33.3,"109.5","89.6","102.7","98","82.9","429","163","415","18",50,"8",22.2,14.5
"Butler, Lawrence","671732","36","1.3",30.6,"110.8","87.9","103","96","81.8","376","148","365","17",47.2,"2",5.6,3.6
"Sanoja, Javier","691594","36","8.4",33.3,"103.7","89.4","98.1","88.8","91.5","362","146",,"13",36.1,"1",2.8,2.3
"Vargas, Ildemaro","545121","35","11.1",48.6,"108.9","86.4","99","94","78","431","168","405","13",37.1,"3",8.6,6.8
"Thomas, Alek","677950","35","14.3",37.1,"108","92.2","101.3","96.1","90","395","166",,"16",45.7,"2",5.7,3.8
"Ortiz, Joey","687401","35","-4",14.3,"104.4","85.4","96.7","90.1","83.2","386","112",,"12",34.3,"2",5.7,4.2
"Ozuna, Marcell","542303","35","26.5",34.3,"105.3","88","98.9","94.1","85","376","178",,"13",37.1,"1",2.9,1.9
"Benge, Carson","701807","35","6.2",37.1,"108.9","89.9","100.5","92.8","88.7","385","146","385","14",40,"1",2.9,1.8
"Beavers, Dylan","687637","34","15",26.5,"106.5","86.6","98.1","94.1","80","401","158","401","11",32.4,"1",2.9,2
"Muncy, Max","571970","34","14.5",32.4,"108.6","92.6","102.8","96.2","88.5","410","189","402","19",55.9,"6",17.6,9.5
"Winn, Masyn","691026","34","12.8",32.4,"108","87.4","96.9","93.5","85.4","371","156",,"9",26.5,"1",2.9,1.8
"Loperfido, Joey","694388","34","7.7",32.4,"105.7","90.5","98.9","94.8","88.3","334","118",,"14",41.2,"1",2.9,1.8
"Karros, Kyle","691720","34","13.5",47.1,"108.4","89.3","99.6","89.8","89.8","398","160",,"13",38.2,"2",5.9,3.6
"Vientos, Mark","668901","34","12.1",35.3,"108.6","87.2","97.9","87.9","87.6","406","146","406","12",35.3,"1",2.9,2.1
"Wallner, Matt","670242","34","10.6",32.4,"110.1","89.4","103.1","96.1","82.3","424","175","413","17",50,"3",8.8,4.2
"Horwitz, Spencer","687462","34","20.1",23.5,"101.8","83.7","95","85.7","85","376","155","376","9",26.5,"0",0,0
"Peraza, Oswald","672724","34","14.9",44.1,"110.1","88.4","101","96.2","82.3","396","170","379","14",41.2,"3",8.8,6
"Schwarber, Kyle","656941","33","27.7",45.5,"110.7","93.6","102.8","94.8","91.5","460","240","409","17",51.5,"9",27.3,12
"Carter, Evan","694497","33","17.8",54.5,"106.5","90.4","100","94.1","86.8","404","220","381","16",48.5,"4",12.1,6.9
"Moreno, Gabriel","672515","33","23.1",36.4,"110.2","87.4","99.3","92.6","79.2","408","196",,"14",42.4,"3",9.1,6.7
"Wells, Austin","669224","33","14.1",30.3,"110.5","93.5","102.3","96.9","91.1","396","162","396","18",54.5,"3",9.1,5.7
"Goodman, Hunter","696100","33","24.3",36.4,"111.1","92.7","102.3","95.5","89.3","435","208","397","16",48.5,"3",9.1,4.5
"Smith, Dominic","642086","33","10.8",42.4,"109.1","91.5","99.2","94.9","85.6","430","192","396","14",42.4,"3",9.1,7.3
"Murakami, Munetaka","808959","33","13.3",33.3,"111.1","92.8","104.5","102","82.9","431","181","399","19",57.6,"7",21.2,10
"Báez, Javier","595879","33","6.9",42.4,"104","86.7","98.4","86.6","88.4","381","148","354","13",39.4,"1",3,2.3
"Hernández, Heriberto","681715","33","8",18.2,"109.9","90.4","100.7","95.8","88.1","373","133",,"14",42.4,"2",6.1,4
"Basallo, Samuel","694212","32","19.3",15.6,"109.5","93.6","103.4","97.9","89.7","437","176","421","14",43.8,"4",12.5,7.4
"Yorke, Nick","694377","32","9.7",31.3,"113.5","89.4","102.8","91.1","88.7","373","153",,"16",50,"2",6.3,4.1
"Gorman, Nolan","669357","32","18.6",25,"110.3","87","99.6","94.2","76.3","443","194","431","13",40.6,"2",6.3,3.4
"Mayer, Marcelo","691785","32","10.3",34.4,"109.1","89.4","98.9","92.8","86.1","385","179","385","14",43.8,"4",12.5,8
"McKinstry, Zach","656716","32","13.1",31.3,"102.2","85.9","94.8","91.1","82.4","399","152","399","8",25,"1",3.1,2.3
"Fernandez, Jose","699912","32","14.8",37.5,"110.9","86","100","94","81.5","409","152","409","11",34.4,"3",9.4,6.8
"Raley, Luke","670042","32","12.1",50,"113.8","92.8","103.2","95.3","89.7","411","182","382","17",53.1,"6",18.8,10.2
"Realmuto, J.T.","592663","32","6.3",40.6,"105.5","88.5","99","91.6","83.9","401","168","401","13",40.6,"1",3.1,2
"Quero, Edgar","700337","32","8.5",18.8,"106.5","89.8","97.2","88.6","90.7","353","128",,"9",28.1,"0",0,0
"Lockridge, Brandon","663604","32","-1.1",9.4,"109.7","83.9","97.7","89.4","82","369","98",,"10",31.3,"1",3.1,2.2
"Jeffers, Ryan","680777","32","18.8",34.4,"109.7","92.7","105.1","96.5","89.1","419","177","403","16",50,"5",15.6,9.8
"Torkelson, Spencer","679529","31","16.2",45.2,"103.5","89.8","100.2","93.8","83","376","205",,"15",48.4,"3",9.7,4.8
"Caglianone, Jac","695506","31","2.8",35.5,"116.1","93.1","106","98.8","87.5","360","151",,"16",51.6,"4",12.9,7.4
"Castro, Willi","650489","31","16.7",25.8,"107.4","86.6","98.8","91.5","81.9","436","152","436","11",35.5,"2",6.5,3.4
"Manzardo, Kyle","700932","30","16.1",26.7,"108.4","91","99.8","96.7","88.5","454","141","454","11",36.7,"4",13.3,7.4
"Ballesteros, Moisés","694208","30","13",33.3,"107.2","93.8","103.2","98","89.6","427","177","403","18",60,"5",16.7,11.9
"Meyers, Jake","676694","30","11.7",36.7,"106.5","86.9","97.1","90.7","85","393","175","393","10",33.3,"4",13.3,9.3
"Jensen, Carter","695600","30","5",26.7,"113.7","89.2","104.8","91","89.2","425","142","386","14",46.7,"5",16.7,10.2
"Isbel, Kyle","664728","30","18.6",23.3,"107.4","90.5","100.2","91.5","95","403","161","382","12",40,"2",6.7,4.3
"Rice, Ben","700250","30","13.8",43.3,"110.9","96.8","104.1","99.6","93.8","427","197","400","21",70,"7",23.3,11.3
"Canzone, Dominic","686527","29","27.6",37.9,"109.3","94.1","101.7","96.1","95","444","221","431","14",48.3,"4",13.8,10
"Pederson, Joc","592626","29","19.8",20.7,"109.7","92","100.2","92.1","91.8","374","182","361","16",55.2,"0",0,0
"Castellanos, Nick","592206","29","14.5",48.3,"108.7","89.4","99.5","93","81.7","364","183",,"13",44.8,"2",6.9,5.3
"Schneemann, Daniel","682177","29","11.4",44.8,"106.8","91.6","101.1","95","85.2","424","203","424","15",51.7,"3",10.3,6.8
"India, Jonathan","663697","29","25.7",31,"105.5","85.2","96.9","90.4","82.5","397","168","389","9",31,"2",6.9,4
"Moniak, Mickey","666160","29","32.7",24.1,"108.7","87.3","97.5","94.2","81.4","437","198","417","9",31,"4",13.8,10.3
"Vivas, Jorbit","678391","29","10.9",27.6,"101","80","90.7","83.3","78.3","309","110",,"4",13.8,"0",0,0
"Pauley, Graham","688363","29","21.1",31,"105.1","81.7","94.3","90.4","74.2","384","150",,"5",17.2,"1",3.4,2.4
"Freeland, Alex","690976","29","4.9",27.6,"106.8","92.1","101.2","99","88.8","413","137","413","13",44.8,"2",6.9,4.3
"Saggese, Thomas","695336","29","16.7",27.6,"107.3","88","98.2","93.3","81.9","385","166",,"9",31,"1",3.4,2.1
"Mangum, Jake","663968","29","6.4",24.1,"104.2","83.7","95.9","92","82.4","370","101",,"9",31,"0",0,0
"Andujar, Miguel","609280","29","4.7",27.6,"108.5","91.2","100.6","93.5","90.9","354","130",,"14",48.3,"0",0,0
"Rutschman, Adley","668939","28","18.5",35.7,"106.8","90.5","99.6","92.7","88.2","395","187",,"12",42.9,"1",3.6,2.6
"Hamilton, David","666152","28","15.1",7.1,"109.9","84.2","95.6","89.1","83","370","120",,"7",25,"1",3.6,2.2
"Carpenter, Kerry","681481","28","19.9",39.3,"110.3","93.3","101.6","94.9","91.8","425","201","382","15",53.6,"4",14.3,7
"DeLuca, Jonny","676356","28","11.7",28.6,"109","89.2","99.2","89.9","91.7","438","133","438","8",28.6,"1",3.6,2.9
"Doyle, Brenton","686668","28","9.1",28.6,"105.2","90.6","98.8","96.3","85.2","408","154","408","10",35.7,"1",3.6,1.9
"Hoskins, Rhys","656555","28","18.7",35.7,"112.3","89","99.8","94.1","79.9","411","179","411","12",42.9,"4",14.3,8
"Kurtz, Nick","701762","28","15.9",39.3,"115.1","97.9","107.1","98.9","95.9","378","192","363","17",60.7,"4",14.3,5.6
"Schmitt, Casey","669477","28","17.9",42.9,"108.8","93.3","103","96","93.9","387","183","385","15",53.6,"3",10.7,6.5
"Narváez, Carlos","665966","28","6.9",32.1,"109.9","93.2","100.2","93.5","94","364","136",,"14",50,"2",7.1,4.7
"Martin, Austin","668885","27","5.4",25.9,"102.2","83.2","95.8","92.6","77.9","366","135",,"8",29.6,"1",3.7,2.1
"Collins, Isaac","686555","27","22.7",22.2,"110.9","89.5","99.5","89.1","93.5","400","175","400","9",33.3,"3",11.1,6.1
"Cowser, Colton","681297","27","-2.4",22.2,"109.8","83.8","100.2","95.9","76.3","378","122",,"11",40.7,"3",11.1,7
"Tawa, Tim","694374","27","6.1",22.2,"104.1","87","96.9","90.8","89.1","363","120",,"8",29.6,"1",3.7,2.6
"Caissie, Owen","683357","27","22.3",48.1,"112.6","92.8","103.3","94.9","88.1","394","227","387","13",48.1,"6",22.2,10.9
"Lowe, Josh","666139","27","22.8",18.5,"105.4","84.4","94.8","91.4","76.3","378","181","365","6",22.2,"3",11.1,6.1
"Naylor, Bo","666310","27","12.3",33.3,"107.6","91.2","101.3","93.8","87.4","389","198",,"14",51.9,"4",14.8,10.3
"McCarthy, Jake","664983","27","14.7",29.6,"102.4","86.1","98.3","94.5","80.1","398","134",,"8",29.6,"2",7.4,5.1
"Sosa, Lenyn","672820","27","21.4",44.4,"105.7","90.2","98.8","90.2","91.2","367","183",,"11",40.7,"0",0,0
"Beck, Jordan","687597","27","14",22.2,"108.1","86.8","98.2","86.5","86.6","359","154","359","9",33.3,"1",3.7,2.6
"Rooker, Brent","667670","26","16.3",34.6,"109.6","89","101.1","95.5","83.9","365","175","365","11",42.3,"5",19.2,10.2
"Julien, Edouard","666397","26","1.9",46.2,"105.9","91.7","100.8","97.1","87.1","375","133","375","12",46.2,"3",11.5,7.7
"Alexander, Blaze","677942","26","6.8",34.6,"104.5","92.1","100.2","88.1","94.7","384","124",,"14",53.8,"1",3.8,2.3
"Barrosa, Jorge","678489","26","9.6",42.3,"100.5","84.9","94.9","91.8","75.9","382","148",,"6",23.1,"2",7.7,4.4
"Davis, Henry","680779","26","19.7",26.9,"112.3","91.4","100.1","95.1","91.2","358","163",,"9",34.6,"2",7.7,5
"Griffin, Konnor","804606","26","7.1",26.9,"113.2","86.7","99.6","91.7","84.8","367","135",,"7",26.9,"2",7.7,4.7
"Moncada, Yoán","660162","26","11.4",38.5,"106.7","90.3","99.3","91.6","88.6","379","175","365","10",38.5,"2",7.7,3.2
"Meadows, Parker","678009","26","13.3",30.8,"105","85.3","94.5","89.3","81.1","361","147",,"5",19.2,"1",3.8,2.6
"Mayo, Coby","691723","25","23",24,"110.6","82.4","97.1","86.9","78.5","331","156",,"8",32,"0",0,0
"Clarke, Denzel","672016","25","5.6",16,"111.8","93","103","94.3","95.4","303","92",,"13",52,"1",4,2.1
"Church, Nathan","701675","25","14.1",28,"105.8","84.4","97","88.8","83.7","378","111","378","8",32,"2",8,5.3
"Fraley, Jake","641584","25","29.8",36,"107.8","87.9","96","91.7","79.9","386","200",,"6",24,"1",4,2.8
"Stephenson, Tyler","663886","25","26.8",28,"106.6","94.9","100.5","95.4","93.9","382","227","379","11",44,"3",12,6.8
"Jansen, Danny","643376","25","19.8",32,"107.3","89.5","98.9","91.9","88.8","409","172","409","9",36,"1",4,2.3
"Urías, Ramón","602104","24","12.3",37.5,"106.8","93.1","101.5","96.2","91","414","173","412","12",50,"4",16.7,10.8
"McMahon, Ryan","641857","24","4.1",29.2,"108.9","93","100.6","91.9","93.8","376","127",,"13",54.2,"2",8.3,4.3
"Larnach, Trevor","663616","24","14.5",50,"105.1","88","99.6","92.6","81.6","398","205","398","11",45.8,"3",12.5,7.9
"Peters, Tristan","671976","24","23",29.2,"102.1","83.3","93","86.2","71.7","309","143",,"2",8.3,"0",0,0
"Lewis, Royce","668904","24","9.8",33.3,"110.7","92.9","102","97.6","91.7","378","176","378","13",54.2,"3",12.5,6.7
"Fermin, Freddy","666023","24","16.7",16.7,"101.3","88","97.5","89.9","88.7","351","149",,"9",37.5,"0",0,0
"Duran, Ezequiel","677649","23","9.8",30.4,"108.7","91.7","101.1","93.7","91.6","393","133","393","11",47.8,"1",4.3,2.8
"Crawford, J.P.","641487","23","17.8",39.1,"106.8","88.5","98.9","93.6","83.5","375","181",,"8",34.8,"2",8.7,4.7
"Rivas, Leo","660844","22","14.5",27.3,"97.7","85.4","92.5","89.4","81.8","332","150",,"1",4.5,"0",0,0
"Perkins, Blake","663368","21","21",19,"106.4","83.4","95.9","90.9","73.8","357","173",,"5",23.8,"1",4.8,2.9
"Mitchell, Garrett","669003","21","8.9",47.6,"112.6","96.8","107.2","97.7","98.1","420","168","420","13",61.9,"4",19,8
"Benintendi, Andrew","643217","20","19.8",45,"104.9","89.8","98.5","93.9","75.4","389","206",,"12",60,"2",10,4.5
"Wiemer, Joey","686894","20","0.9",30,"110.5","91","100.7","96.1","86.4","398","142","391","8",40,"2",10,5.1
"Sánchez, Gary","596142","17","27.8",29.4,"109","91.4","102.8","101.3","92.1","414","207","405","9",52.9,"5",29.4,14.7