"player_name","player_id","year","xwoba","xba","xslg","xiso","xobp","brl","brl_percent","exit_velocity","max_ev","hard_hit_percent","k_percent","bb_percent","whiff_percent","chase_percent","arm_strength","xera","fb_velocity","fb_spin","curve_spin"
"Vodnik, Victor","680767","2026",36,23,45,62,26,64,74,46,54,44,18,51,34,42,,36,98,52,
"Vest, Will","676684","2026",72,68,74,72,69,64,60,85,42,83,85,44,95,81,,72,58,34,
"Pagán, Emilio","641941","2026",27,60,27,15,27,20,8,8,58,7,52,16,70,35,,27,48,98,
"Harrison, Kyle","690986","2026",60,44,58,66,53,44,69,44,15,78,63,75,41,81,,60,54,72,
"Strahm, Matt","621381","2026",77,84,87,79,67,64,67,44,75,61,41,44,42,58,,77,6,97,
"France, J.P.","641585","2026",2,2,4,9,1,44,16,24,40,23,7,10,3,3,,2,,,
"Taillon, Jameson","592791","2026",42,59,24,15,65,4,20,60,14,70,59,61,70,53,,42,9,69,
"Urquidy, José","664353","2026",52,26,45,59,58,44,53,47,87,35,20,83,60,98,,52,21,50,
"Suárez, Albert","544150","2026",10,10,5,8,33,30,21,13,33,27,2,73,16,55,,10,36,62,
"deGrom, Jacob","594798","2026",83,86,52,27,94,12,13,5,47,27,94,77,84,60,,83,87,91,
"Detmers, Reid","672282","2026",84,75,80,78,82,20,56,58,17,56,76,78,74,94,,84,42,22,
"Morillo, Juan","666661","2026",76,88,74,55,76,64,74,93,37,88,44,30,71,52,,76,96,35,
"Hicks, Jordan","663855","2026",51,39,77,91,20,87,87,19,65,85,5,10,8,12,,51,95,1,
"Gausman, Kevin","592332","2026",86,78,72,62,92,20,50,89,20,69,94,82,82,94,,86,49,52,
"O'Brien, Riley","676617","2026",99,94,97,97,99,87,87,99,74,94,78,97,67,85,,99,91,33,
"Holmes, Clay","605280","2026",62,53,64,68,55,44,79,85,30,62,20,36,44,74,,62,34,21,
"McClanahan, Shane","663556","2026",37,69,55,45,26,20,25,38,59,22,48,8,45,18,,37,58,35,
"Warren, Will","701542","2026",59,37,56,68,55,44,79,33,34,28,63,69,35,29,,59,41,93,
"Brubaker, JT","664141","2026",13,18,36,49,5,64,76,84,44,68,20,5,56,54,,13,32,26,
"Garcia, Rico","670329","2026",100,99,100,99,98,87,87,83,86,98,88,47,90,5,,100,,,
"Lowder, Rhett","695076","2026",40,42,33,28,58,4,26,17,8,45,17,59,28,71,,40,20,48,
"Granillo, Andre","701552","2026",1,1,7,41,1,30,6,3,50,22,1,3,1,1,,1,,,
"Rocker, Kumar","677958","2026",48,35,41,47,58,44,58,64,60,62,27,74,34,40,,48,65,19,
"Díaz, Edwin","621242","2026",72,85,80,69,50,64,53,40,93,35,92,21,30,88,,72,71,67,
"Wilcox, Cole","677961","2026",4,5,3,5,10,30,5,2,65,2,60,65,84,47,,4,,,
"Peralta, Freddy","642547","2026",59,52,55,57,58,30,65,72,70,62,78,56,82,63,,59,34,80,11
"Mayza, Tim","641835","2026",90,92,91,80,85,64,72,44,88,35,79,60,75,66,,90,40,11,
"Hancock, Emerson","676106","2026",87,83,75,62,93,44,69,50,7,86,84,85,55,39,,87,53,92,
"Castillo, Luis","622491","2026",33,19,31,44,37,4,15,10,10,41,52,77,62,67,,33,61,37,
"Santana, Dennis","642701","2026",42,30,62,79,22,64,63,98,75,94,45,19,75,74,,42,36,84,
"Okert, Steven","595345","2026",76,98,52,13,92,44,33,94,56,98,56,24,73,48,,76,,,
"Senzatela, Antonio","622608","2026",98,97,98,94,98,87,87,63,11,46,93,72,44,77,,98,84,53,
"Ohtani, Shohei","660271","2026",87,84,89,85,80,64,84,87,19,66,23,61,34,50,,87,88,89,
"Burrows, Mike","681347","2026",42,35,35,35,57,12,58,66,15,62,25,74,53,86,,42,55,41,
"Pivetta, Nick","601713","2026",97,96,95,84,95,64,84,82,74,80,95,55,51,95,,97,46,67,77
"Keller, Mitch","656605","2026",48,32,59,74,36,44,83,88,62,58,16,47,17,44,,48,22,68,
"Hoffmann, Andrew","694851","2026",56,78,68,53,44,64,69,52,27,46,57,18,6,1,,56,48,46,
"Palencia, Daniel","694037","2026",,,,,,,,,51,,,,,,,,99,62,
"Allard, Kolby","663465","2026",14,7,10,19,18,12,10,36,24,33,36,75,10,83,,14,2,2,
"Herget, Jimmy","623474","2026",40,35,30,27,62,30,26,21,45,54,26,95,46,84,,40,,,
"Fried, Max","608331","2026",89,76,89,89,86,87,87,68,20,78,32,85,17,62,,89,39,14,85
"Bellozo, Valente","678368","2026",1,7,1,1,5,12,10,22,26,14,20,19,71,10,,1,2,9,
"Watson, Ryan","670245","2026",10,34,10,9,16,12,10,44,51,14,8,24,50,19,,10,34,45,
"Raley, Brooks","548384","2026",52,58,38,27,54,44,13,38,26,85,92,33,42,44,,52,,,
"Cruz, Fernando","518585","2026",66,99,91,61,37,64,38,72,67,99,88,1,99,12,,66,,,
"Meyer, Max","676974","2026",26,16,28,40,28,4,37,44,12,39,53,46,64,58,,26,52,90,
"Freeland, Kyle","607536","2026",52,42,63,72,41,64,86,50,27,43,34,81,55,87,,52,18,73,27
"Blubaugh, AJ","805123","2026",40,71,27,12,65,20,28,11,48,42,17,31,71,67,,40,71,43,
"Gray, Sonny","543243","2026",25,13,17,23,46,1,28,63,29,64,5,87,17,29,,25,16,86,61
"Smith, Cade","671922","2026",67,49,47,46,69,44,50,38,81,69,74,69,60,34,,67,77,51,
"Senga, Kodai","673540","2026",50,46,52,55,51,20,33,35,54,21,83,40,74,43,,50,65,66,
"Kilian, Caleb","668873","2026",59,81,71,59,41,64,45,43,82,14,95,17,94,20,,59,83,78,
"Bird, Jake","656234","2026",53,51,31,23,77,30,13,6,7,35,78,94,90,11,,53,,,
"Springs, Jeffrey","605488","2026",86,88,85,73,87,30,72,92,63,90,48,57,47,26,,86,9,31,
"Houser, Adrian","605288","2026",37,21,36,48,48,12,44,30,9,39,9,74,16,55,,37,60,29,
"Laweryson, Cody","689520","2026",63,78,89,90,37,87,87,43,68,35,84,66,11,11,,63,17,50,
"Leahy, Kyle","681517","2026",5,2,7,17,5,1,8,10,6,7,3,27,13,13,,5,34,28,
"Bigge, Hunter","685801","2026",22,71,25,11,13,44,16,85,84,71,1,2,82,17,,22,,,
"Lorenzen, Michael","547179","2026",16,5,18,35,20,12,54,30,5,7,11,84,38,50,,16,31,54,53
"Peralta, Wandy","593974","2026",74,49,67,72,73,64,77,64,73,59,30,78,48,91,,74,65,13,
"Ginkel, Kevin","656464","2026",40,37,43,46,42,44,28,41,68,52,50,36,72,82,,40,46,69,
"Yamamoto, Yoshinobu","808967","2026",64,49,39,35,82,4,44,76,17,77,49,93,77,72,,64,65,43,
"Hoffman, Jeff","656546","2026",88,84,81,71,72,64,63,31,63,71,99,30,99,99,,88,80,97,
"Sands, Cole","663485","2026",18,9,13,20,23,64,69,1,65,2,27,42,13,61,,18,29,48,
"Bachman, Sam","696147","2026",32,61,75,77,8,44,25,95,82,92,70,2,91,14,,32,97,74,
"Wacha, Michael","608379","2026",66,66,49,40,76,20,49,47,45,35,55,74,71,83,,66,25,22,
"Martin, Chris","455119","2026",10,1,9,29,17,44,40,1,68,10,60,97,64,75,,10,,,
"Rodriguez, Eduardo","593958","2026",66,49,54,56,71,44,81,70,33,78,16,72,23,68,,66,9,43,
"Nola, Aaron","605400","2026",46,34,36,40,63,12,48,60,34,49,67,77,59,65,,46,11,57,64
"Márquez, Germán","608566","2026",22,16,15,17,44,12,28,56,10,8,22,74,38,17,,22,46,23,59
"Liberatore, Matthew","669461","2026",20,9,18,29,26,4,47,19,42,31,6,61,12,35,,20,52,10,
"May, Dustin","669160","2026",27,10,26,45,31,20,44,25,3,9,25,85,6,22,,27,80,63,
"McCullers Jr., Lance","621121","2026",39,28,44,53,38,20,33,13,12,6,76,49,54,51,,39,14,12,
"Montgomery, Mason","682254","2026",56,67,62,56,51,44,16,10,41,23,99,21,93,62,,56,97,50,
"Morgan, David","688158","2026",84,94,97,96,52,87,87,98,64,98,58,12,65,93,,84,80,53,
"Barco, Hunter","682995","2026",8,22,22,26,3,44,45,47,81,42,9,6,3,1,,8,52,38,
"Brown, Hunter","686613","2026",96,98,98,91,90,87,87,87,91,81,98,20,50,13,,96,74,48,
"Seabold, Connor","657756","2026",91,84,90,87,84,64,69,66,95,91,56,47,22,84,,91,39,20,
"Bibee, Tanner","676440","2026",35,18,29,40,41,4,35,7,1,12,48,71,49,42,,35,42,28,
"Thielbar, Caleb","573204","2026",48,67,40,26,47,44,16,72,64,46,82,17,43,79,,48,32,65,
"Weissert, Greg","669711","2026",29,53,14,7,62,30,6,12,3,43,91,53,27,60,,29,36,34,
"Barlow, Scott","605130","2026",45,75,44,25,55,64,67,66,70,76,41,21,91,97,,45,,,
"Chandler, Bubba","696149","2026",22,48,32,24,16,20,31,17,17,19,50,6,70,48,,22,99,88,
"Eovaldi, Nathan","543135","2026",55,48,48,47,65,12,48,14,14,10,71,71,89,82,,55,49,22,1
"Kelly, Kevin","687330","2026",24,20,34,46,17,44,21,1,58,1,42,62,26,25,,24,7,9,
"Waldichuk, Ken","686610","2026",10,49,6,3,31,12,4,46,19,54,36,27,60,20,,10,,,24
"Alvarado, José","621237","2026",30,12,60,91,9,87,87,91,90,92,63,42,75,92,,30,92,6,
"Keller, Brad","641745","2026",85,60,82,87,81,87,87,74,61,34,61,80,55,78,,85,84,66,
"Pérez, Martín","527048","2026",55,27,57,78,48,64,85,41,1,81,3,69,10,79,,55,3,3,
"Duran, Jhoan","661395","2026",93,66,70,68,96,64,58,36,82,14,88,97,92,93,,93,95,1,
"Newcomb, Sean","656794","2026",69,37,77,93,44,87,87,90,22,87,45,43,25,48,,69,29,42,
"López, Reynaldo","625643","2026",56,59,50,45,62,30,66,78,35,65,52,52,24,32,,56,42,6,
"Lee, Dylan","669276","2026",97,90,75,53,99,64,72,52,67,35,63,97,88,100,,97,,,
"Cabrera, Edward","665795","2026",58,63,70,70,47,20,43,28,2,53,36,23,67,72,,58,71,32,
"Suarez, Ranger","624133","2026",18,6,17,33,21,20,43,40,20,28,30,62,11,58,,18,6,7,
"Little, Brendon","663893","2026",9,12,5,6,14,44,16,9,20,8,63,27,62,22,,9,,,
"Morán, Jovani","663558","2026",94,97,85,52,90,44,43,55,64,96,83,27,93,37,,94,13,69,
"Doval, Camilo","666808","2026",65,28,40,50,75,64,78,21,38,12,44,94,78,50,,65,,,
"Bradish, Kyle","680694","2026",70,80,77,70,59,20,27,44,10,46,76,17,39,40,,70,42,37,
"McGreevy, Michael","700241","2026",7,9,3,2,48,1,12,46,1,52,12,90,4,24,,7,5,30,
"Henry, Cole","669371","2026",39,59,57,57,28,64,72,41,66,57,54,19,41,26,,39,39,94,
"Beeter, Clayton","690925","2026",27,67,37,22,26,30,19,21,73,3,23,11,20,3,,27,80,80,
"Avila, Luinder","679883","2026",5,6,4,6,12,30,19,26,33,20,27,30,23,2,,5,71,81,
"Boyd, Matthew","571510","2026",40,66,17,7,76,30,6,2,24,3,100,64,99,98,,40,22,53,
"Romano, Jordan","605447","2026",,,,,,,,,92,,,,,,,,54,71,
"King, Michael","650633","2026",37,47,45,44,34,3,24,50,3,70,47,41,58,46,,37,25,47,
"Messick, Parker","800048","2026",77,55,76,83,72,64,86,80,38,84,61,68,31,91,,77,23,16,
"Borucki, Ryan","621366","2026",23,23,16,17,47,44,33,94,27,40,34,66,79,96,,23,,,
"Murphy, Chris","669684","2026",48,52,68,73,31,44,40,64,80,57,30,15,79,15,,48,,,
"Thompson, Ryan","657044","2026",95,90,94,92,79,64,60,91,37,92,36,31,28,87,,95,2,4,
"Schreiber, John","670167","2026",19,23,19,22,4,64,72,15,59,57,2,5,2,27,,19,20,46,
"Early, Connelly","813349","2026",27,37,32,28,24,20,31,17,37,45,62,26,31,59,,27,31,55,
"Phillips, Tyler","663969","2026",53,60,57,53,49,30,28,22,36,31,70,36,92,68,,53,77,24,
"Iglesias, Raisel","628452","2026",,,,,,,,,83,,,,,,,,49,53,
"Painter, Andrew","691725","2026",91,71,84,87,91,64,85,78,8,90,69,85,30,86,,91,76,28,
"Alexander, Tyler","641302","2026",81,73,91,95,65,87,87,84,97,99,52,47,7,20,,81,6,18,
"Sproat, Brandon","687075","2026",5,14,10,13,3,20,16,17,35,14,36,4,15,10,,5,84,6,
"Feltner, Ryan","663372","2026",4,9,2,2,16,1,4,26,23,8,18,42,22,29,,4,58,83,
"Latz, Jacob","656641","2026",95,98,77,41,97,30,24,30,73,32,69,65,65,30,,95,25,30,
"Kelly, Michael","547184","2026",16,11,41,66,5,44,13,87,71,35,27,9,48,3,,16,,,
"Funderburk, Kody","681892","2026",9,15,45,68,2,64,67,69,58,76,27,3,8,1,,9,15,64,
"Webb, Logan","657277","2026",46,29,50,64,39,20,65,19,4,24,36,60,30,52,,46,17,1,
"Sterner, Justin","686993","2026",81,63,88,94,66,64,79,40,12,25,55,44,60,90,,81,25,75,
"Brazobán, Huascar","623211","2026",79,24,67,89,80,87,87,78,62,59,36,97,20,69,,79,70,42,
"Mize, Casey","663554","2026",37,34,32,32,55,12,32,60,36,30,66,61,47,59,,37,25,31,
"Glasnow, Tyler","607192","2026",83,76,64,51,92,44,76,31,44,71,85,83,67,39,,83,70,92,88
"Bender, Anthony","669622","2026",75,84,93,93,34,64,67,87,50,96,57,10,5,6,,75,,,
"Lugo, Seth","607625","2026",34,26,28,30,42,12,37,28,34,35,40,59,22,37,,34,14,63,
"Wrobleski, Justin","680736","2026",51,29,51,65,51,44,79,70,42,74,1,65,3,21,,51,42,79,
"Cease, Dylan","656302","2026",75,78,91,92,53,87,87,92,51,94,97,24,98,85,,75,92,95,
"Blackburn, Paul","621112","2026",47,13,50,74,39,87,87,28,51,42,8,75,7,8,,47,,,
"Nelson, Ryne","669194","2026",39,52,28,18,63,4,35,25,10,12,49,54,47,45,,39,73,60,
"Milner, Hoby","571948","2026",19,12,13,17,38,44,54,70,42,69,1,97,1,67,,19,1,1,
"Misiorowski, Jacob","694819","2026",79,91,78,60,78,30,55,74,58,53,96,46,96,70,,79,96,98,5
"Faucher, Calvin","676534","2026",21,85,54,32,7,44,2,1,41,1,94,1,80,8,,21,,,
"Williamson, Brandon","682227","2026",7,11,8,11,9,4,20,43,20,38,14,24,46,20,,7,22,31,
"Lovelady, Richard","663992","2026",44,26,49,63,24,64,74,38,70,44,30,27,23,41,,44,12,57,
"Webb, Jacob","657097","2026",4,5,5,10,4,44,33,17,14,40,52,14,81,69,,4,32,91,
"Franco, Jose","683742","2026",55,56,88,98,18,87,87,95,83,87,13,8,1,28,,55,63,62,
"Uribe, Abner","682842","2026",81,40,70,83,79,64,69,90,74,91,63,91,7,12,,81,90,41,
"Mejia, Juan","675848","2026",12,5,11,22,13,64,81,56,38,75,9,41,19,62,,12,91,83,
"Bido, Osvaldo","674370","2026",62,78,74,64,47,44,45,38,42,27,20,36,42,43,,62,46,74,
"Wolfram, Grant","664991","2026",90,82,86,80,91,64,53,64,60,35,99,97,83,32,,90,61,38,
"Whitlock, Garrett","676477","2026",12,30,15,12,17,44,10,66,35,78,92,15,62,30,,12,,,
"Santillan, Tony","663574","2026",75,96,92,77,56,87,87,60,56,35,88,4,87,32,,75,48,68,
"Buehler, Walker","621111","2026",62,54,62,64,54,64,84,35,61,71,42,53,49,72,,62,,,
"Williams, Gavin","668909","2026",47,83,55,37,44,4,15,17,9,28,88,9,78,53,,47,77,29,45
"Svanson, Matt","694335","2026",5,1,10,31,3,44,66,9,32,4,23,35,11,16,,5,70,45,
"Javier, Cristian","664299","2026",9,16,32,45,3,20,23,41,33,62,1,7,28,10,,9,23,32,
"García, Luis","472610","2026",17,3,16,35,20,64,79,69,58,25,5,78,51,99,,17,42,17,
"Hudson, Bryan","663542","2026",56,44,82,95,26,87,87,11,61,52,67,26,18,2,,56,6,33,
"Beeks, Jalen","656222","2026",64,34,47,55,73,64,72,81,82,57,15,90,35,15,,64,,,
"Gage, Matt","657424","2026",63,67,73,71,50,64,63,83,84,94,45,19,64,66,,63,,,
"Kinley, Tyler","641755","2026",79,44,83,96,66,87,87,100,54,100,34,66,58,61,,79,,,
"Ober, Bailey","641927","2026",42,30,36,42,56,4,42,78,5,75,19,81,20,68,,42,1,59,
"Elder, Bryce","693821","2026",88,81,81,74,88,64,87,44,24,64,57,70,32,55,,88,13,18,
"Speier, Gabe","642100","2026",77,22,67,90,54,64,58,95,24,91,63,89,91,92,,77,,,
"Manaea, Sean","640455","2026",32,31,33,35,34,20,27,21,44,19,35,33,28,19,,32,2,4,
"Anderson, Drew","623454","2026",55,89,53,27,59,44,52,56,5,45,43,20,54,28,,55,41,41,
"Assad, Javier","665871","2026",35,25,41,52,37,44,63,73,72,60,8,57,4,47,,35,29,7,
"Horton, Cade","690990","2026",72,44,74,84,65,64,69,86,32,67,15,66,39,89,,72,65,95,
"McLean, Nolan","690997","2026",94,93,93,86,90,30,62,83,30,78,86,56,56,19,,94,68,49,
"Bachar, Lake","669199","2026",94,92,92,83,87,64,60,59,76,66,98,36,99,82,,94,,,
"Roupp, Landen","694738","2026",88,69,87,90,83,87,87,91,71,90,69,71,43,62,,88,31,8,99
"Bubic, Kris","663460","2026",80,92,65,39,88,20,33,13,23,21,91,44,94,71,,80,9,78,
"Fedde, Erick","607200","2026",72,69,59,50,80,20,44,41,7,45,30,87,20,52,,72,42,10,
"Seymour, Ian","693855","2026",65,42,36,33,83,30,9,22,85,40,79,97,78,89,,65,,,
"Clarke, Taylor","664199","2026",67,53,38,31,87,30,28,98,64,82,26,97,24,32,,67,,,
"Baker, Bryan","641329","2026",78,56,60,62,85,64,60,60,40,83,77,90,97,84,,78,,,
"Finnegan, Kyle","640448","2026",69,96,99,99,22,87,87,77,95,92,3,1,45,51,,69,75,40,
"Sewald, Paul","623149","2026",65,80,14,4,98,30,5,2,62,5,97,97,49,98,,65,12,97,
"Bummer, Aaron","607481","2026",9,53,5,2,30,30,5,17,72,14,36,31,39,10,,9,,,
"Loáisiga, Jonathan","642528","2026",71,65,73,72,82,64,81,22,10,24,31,95,62,45,,71,88,59,
"Holton, Tyler","663947","2026",25,47,47,47,12,44,16,10,26,23,36,14,17,5,,25,,,
"Kirby, George","669923","2026",76,61,67,66,79,20,66,28,59,26,45,81,12,86,,76,80,36,
"Leiter Jr., Mark","643410","2026",18,1,21,58,15,64,79,88,48,69,36,95,65,90,,18,18,3,
"Graceffo, Gordon","700669","2026",8,40,14,9,7,44,38,5,42,14,16,7,6,1,,8,65,5,
"Imai, Tatsuya","837227","2026",47,90,96,95,10,87,87,86,92,61,81,1,88,11,,47,55,4,
"Brown, Ben","676962","2026",81,75,79,77,75,64,83,35,7,70,74,49,70,65,,81,77,26,19
"Morales, Luis","806960","2026",1,4,2,4,2,20,13,27,29,24,4,6,9,24,,1,77,74,
"Rogers, Trevor","669432","2026",85,72,80,80,84,44,84,64,34,86,40,80,65,78,,85,21,83,
"Sale, Chris","519242","2026",51,61,44,31,67,4,35,52,7,74,63,75,42,72,,51,60,46,
"Ragans, Cole","666142","2026",27,37,35,34,23,4,13,70,30,70,59,17,51,31,,27,52,96,
"Hart, Kyle","606996","2026",48,52,58,61,39,64,83,78,27,80,8,36,5,16,,48,,,
"Englert, Mason","669438","2026",6,2,2,3,29,12,15,5,9,14,10,87,15,96,,6,18,47,
"Cecconi, Slade","677944","2026",16,23,14,14,27,4,19,74,14,60,40,70,37,43,,16,25,64,16
"Chapman, Aroldis","547973","2026",51,75,52,38,59,44,10,6,6,25,73,55,97,5,,51,88,87,
"Festa, Matt","670036","2026",41,32,20,19,73,44,45,78,68,59,20,93,54,67,,41,,,
"Gallen, Zac","668678","2026",14,7,11,20,23,1,24,9,13,14,7,63,8,75,,14,34,61,32
"Fairbanks, Pete","664126","2026",48,67,32,16,75,30,3,15,2,46,81,89,73,99,,48,,,
"Mantiply, Joe","573009","2026",27,58,29,16,36,44,2,59,40,5,98,47,8,94,,27,,,
"Imanaga, Shota","684007","2026",81,78,65,50,88,30,45,34,68,31,88,75,66,97,,81,16,96,
"Mikolas, Miles","571945","2026",14,27,9,8,33,3,26,46,15,21,10,36,14,30,,14,16,27,
"Bolton, Cody","675989","2026",45,73,78,75,18,64,69,25,86,46,79,9,37,16,,45,55,55,
"Varland, Gus","681402","2026",36,49,30,20,53,44,25,33,78,9,68,36,73,39,,36,,,
"Alcantara, Sandy","645261","2026",90,82,79,70,94,20,74,50,44,58,32,84,51,55,,90,87,51,
"Sasaki, Roki","808963","2026",25,39,35,32,21,20,33,76,59,61,58,14,81,48,,25,86,14,
"Scott, Tanner","656945","2026",81,38,58,70,89,64,67,63,77,76,82,97,87,90,,81,77,98,
"Yarbrough, Ryan","642232","2026",67,57,85,92,44,87,87,90,96,96,27,55,2,44,,67,,,
"Rea, Colin","607067","2026",62,49,39,37,76,30,59,22,54,46,48,88,31,92,,62,41,18,
"Klein, Will","694361","2026",95,84,92,90,81,64,63,85,84,94,83,47,38,66,,95,90,20,
"Griffin, Foster","656492","2026",34,30,33,35,34,12,27,56,3,53,32,52,34,24,,34,13,5,
"Povich, Cade","700249","2026",62,40,49,52,68,30,48,36,30,50,12,78,65,85,,62,12,87,
"Harris, Hogan","663687","2026",72,93,98,98,26,87,87,94,91,99,35,2,40,8,,72,64,65,72
"Weiss, Ryan","680802","2026",24,22,23,27,30,20,27,12,35,7,71,42,47,37,,24,61,83,
"Abel, Mick","690953","2026",31,27,41,50,21,30,67,66,38,45,63,41,67,74,,31,55,94,
"Pérez, Eury","691587","2026",29,65,26,13,46,1,7,49,40,30,48,30,77,38,,29,95,100,
"Bednar, David","670280","2026",65,34,76,92,36,87,87,36,15,51,54,34,26,92,,65,65,65,40
"Suarez, José","660761","2026",58,30,64,81,42,64,79,52,3,54,71,49,57,75,,58,32,77,
"Rasmussen, Drew","656876","2026",85,65,62,57,95,20,39,52,51,32,80,97,40,67,,85,71,92,
"Pallette, Peyton","688883","2026",12,13,22,33,11,30,12,2,19,29,70,57,58,17,,12,64,47,
"Garcia, Robert","676395","2026",35,46,73,84,9,87,87,52,37,67,27,3,84,4,,35,42,44,
"Nance, Tommy","667297","2026",63,57,42,34,78,44,40,83,26,57,78,78,23,88,,63,,,
"Abbott, Andrew","671096","2026",35,20,36,49,34,4,44,58,8,65,8,57,20,45,,35,21,62,83
"Myers, Tobias","668964","2026",96,60,84,91,93,87,87,47,30,53,27,96,12,29,,96,18,39,
"Woods Richardson, Simeon","680573","2026",37,31,23,24,62,4,28,27,9,28,4,79,8,4,,37,16,23,
"Crochet, Garrett","676979","2026",25,25,30,35,24,4,37,58,26,45,59,68,34,73,,25,68,76,
"Rodriguez, Bradgley","699134","2026",98,89,95,95,98,87,87,58,81,54,73,95,76,75,,98,92,55,
"Montero, Keider","672456","2026",99,97,99,97,99,87,87,62,75,54,69,84,16,6,,99,42,38,
"Helsley, Ryan","664854","2026",56,38,60,72,32,64,60,28,77,2,83,24,92,20,,56,97,99,
"Pomeranz, Drew","519141","2026",22,17,16,19,14,44,38,41,35,67,24,44,13,75,,22,29,99,
"Ferrer, Jose A.","678606","2026",98,83,95,98,96,87,87,97,78,98,36,93,28,40,,98,80,15,
"Soto, Gregory","642397","2026",91,99,98,84,80,64,56,92,94,96,97,18,89,14,,91,76,54,
"Skenes, Paul","694973","2026",87,95,85,62,86,30,56,90,67,84,63,51,54,67,,87,87,58,
"Bradley, Taj","671737","2026",67,57,72,75,59,30,63,4,27,25,86,60,53,47,,67,80,57,
"Miles, Spencer","693686","2026",30,25,23,26,47,44,50,74,41,54,47,64,49,47,,30,74,44,
"Pérez, Cionel","672335","2026",1,1,1,1,1,12,3,1,37,1,11,19,25,3,,1,71,17,67
"Varland, Louis","686973","2026",97,91,97,99,95,87,87,78,54,67,98,65,85,52,,97,92,42,43
"Cameron, Noah","702070","2026",27,12,20,30,39,12,37,41,63,30,43,81,34,34,,27,7,55,
"Agnos, Zach","688642","2026",47,19,56,81,24,64,82,93,22,84,36,36,77,98,,47,63,76,
"Orze, Eric","679358","2026",69,63,80,85,52,87,87,87,96,88,8,24,15,55,,69,,,
"Smith, Shane","681343","2026",37,46,81,92,11,87,87,98,33,71,51,8,50,55,,37,68,32,3
"Maton, Phil","664208","2026",1,1,1,1,1,30,1,47,74,54,42,12,18,12,,1,,,
"Tidwell, Blade","694918","2026",44,33,27,25,70,44,21,50,87,33,53,87,77,47,,44,,,
"Johnson, Pierce","572955","2026",3,4,1,1,33,20,3,3,51,29,63,91,57,55,,3,,,91
"Nunez, Anthony","689296","2026",99,98,96,75,100,64,63,100,78,94,92,92,95,87,,99,,,
"Bassitt, Chris","605135","2026",12,3,34,66,4,64,86,64,13,51,1,33,38,8,,12,12,12,21
"Topa, Justin","623437","2026",77,60,73,75,73,44,52,56,1,31,11,60,1,16,,77,36,27,
"Marinaccio, Ron","676760","2026",88,78,66,50,96,64,77,86,73,84,61,94,92,40,,88,29,28,
"Bazardo, Eduard","660825","2026",88,87,90,86,81,87,87,36,45,31,50,36,7,1,,88,49,35,
"Woodruff, Brandon","605540","2026",78,72,52,41,88,12,37,22,62,68,56,88,37,53,,78,20,71,
"Sulser, Cole","642121","2026",6,8,3,5,15,12,12,44,47,13,16,36,35,48,,6,9,85,
"Lange, Alex","656638","2026",53,91,72,48,42,30,3,36,60,35,88,12,96,48,,53,,,
"Burke, Brock","656271","2026",60,72,53,41,65,44,21,52,89,33,72,33,98,20,,60,63,64,
"Henriquez, Edgardo","683618","2026",60,61,90,98,24,87,87,99,94,100,27,23,13,19,,60,100,77,
"Winn, Keaton","676775","2026",97,94,95,87,96,64,60,81,45,92,87,72,96,79,,97,,,
"Bello, Brayan","678394","2026",20,29,19,16,30,12,41,72,11,77,5,27,87,70,,20,46,9,
"Cavalli, Cade","676917","2026",30,40,63,74,10,44,76,80,77,80,26,13,41,25,,30,74,52,8
"Bowlan, Jonathan","680742","2026",98,86,93,92,97,87,87,78,42,81,75,92,80,87,,98,89,72,
"Irvin, Jake","663623","2026",23,44,18,12,41,1,3,19,10,10,63,27,45,9,,23,23,70,56
"Ashcraft, Graham","668933","2026",91,93,88,72,91,64,63,88,90,71,97,57,98,95,,91,,,
"Ryan, Joe","657746","2026",84,88,88,80,84,4,31,69,23,74,68,72,46,84,,84,22,39,
"Ramírez, Yohan","670990","2026",81,73,78,75,61,64,81,97,54,90,79,26,72,75,,81,74,45,
"Zerpa, Angel","672582","2026",7,2,11,30,7,44,54,28,12,30,2,41,26,7,,7,71,6,
"Sabrowski, Erik","681870","2026",99,100,99,87,99,64,60,19,80,83,99,57,95,55,,99,49,98,
"Kikuchi, Yusei","579328","2026",15,18,12,14,26,4,38,12,1,23,45,36,66,33,,15,61,44,
"Severino, Luis","622663","2026",31,56,46,43,20,12,31,30,6,14,76,8,60,25,,31,77,24,
"Hill, Jaden","677955","2026",85,73,84,85,80,87,87,76,4,77,63,62,69,54,,85,,,
"Skubal, Tarik","669373","2026",52,20,46,65,57,12,51,62,36,52,61,89,58,79,,52,83,61,
"Gómez, Yoendrys","672782","2026",2,3,1,1,10,4,9,62,24,59,5,44,6,6,,2,49,82,
"Wells, Tyler","669330","2026",51,61,48,41,59,44,52,49,30,82,58,52,70,30,,51,29,81,
"Vásquez, Randy","681190","2026",45,37,40,44,61,4,16,38,51,23,74,81,67,86,,45,55,81,
"Hill, Tim","657612","2026",95,54,86,95,95,87,87,47,49,14,3,97,4,96,,95,1,16,
"Junk, Janson","676083","2026",69,55,54,51,78,44,79,14,12,40,25,81,30,26,,69,42,58,
"Holmes, Grant","656550","2026",70,77,69,60,69,30,71,62,51,64,34,34,81,48,,70,53,67,
"Vesia, Alex","681911","2026",90,91,92,87,83,64,56,94,79,88,88,36,97,99,,90,8,88,
"Walker, Taijuan","592836","2026",11,8,9,15,18,20,50,81,45,78,22,49,10,51,,11,11,6,
"Domínguez, Seranthony","622554","2026",15,30,17,15,17,44,16,34,20,46,72,15,63,22,,15,90,51,
"Burke, Sean","680732","2026",70,51,59,63,73,64,85,52,45,41,61,85,16,73,,70,48,93,29
"Miller, Erik","669062","2026",72,63,83,87,58,64,56,68,64,71,77,31,83,71,,72,86,73,
"Criswell, Cooper","681867","2026",12,18,6,6,29,30,8,7,19,3,75,44,28,96,,12,,,
"Anderson, Grant","681982","2026",72,63,76,78,54,44,48,64,17,12,55,27,40,39,,72,18,53,
"Rogers, Tyler","643511","2026",89,51,83,94,63,87,87,94,80,97,13,57,3,29,,89,1,2,
"Petersen, Michael","656848","2026",45,84,26,8,74,30,15,31,23,76,44,30,28,27,,45,83,58,
"Burns, Chase","695505","2026",34,46,28,20,48,4,15,70,50,34,67,34,93,59,,34,96,99,
"Sugano, Tomoyuki","608372","2026",27,40,8,5,75,1,8,33,56,27,32,85,25,36,,27,23,88,
"Moll, Sam","594580","2026",64,97,99,100,15,87,87,91,84,94,36,11,60,2,,64,9,90,
"Cantillo, Joey","676282","2026",71,77,66,53,72,12,35,52,13,65,82,36,59,15,,71,15,1,69
"Weaver, Luke","596133","2026",13,11,7,10,27,30,19,58,22,80,8,47,57,55,,13,46,79,
"Matz, Steven","571927","2026",67,65,56,49,72,30,51,59,3,39,73,65,69,28,,67,25,40,
"Baz, Shane","669358","2026",50,42,50,53,53,12,39,47,54,66,30,72,41,62,,50,84,84,75
"Klassen, George","691946","2026",2,10,6,9,1,20,1,41,17,14,30,1,86,4,,2,83,72,
"Alvarado, Elvis","665660","2026",19,42,12,7,39,12,2,22,61,11,27,30,80,55,,19,94,85,
"Phillips, Connor","683175","2026",29,80,46,25,18,30,24,56,72,46,50,3,84,35,,29,94,94,
"Boyle, Joe","671212","2026",44,35,41,47,50,44,74,72,49,34,61,55,54,37,,44,87,95,
"Ginn, J.T.","669372","2026",87,70,81,81,85,64,82,66,26,75,32,72,30,82,,87,58,3,
"Mattson, Isaac","676755","2026",19,5,31,59,12,44,58,31,15,13,33,43,13,40,,19,42,76,
"Woo, Bryan","693433","2026",91,87,79,68,94,30,77,73,29,50,40,84,45,63,,91,64,36,
"Lynch IV, Daniel","663738","2026",93,98,97,83,84,87,87,97,68,65,84,33,94,61,,93,32,48,
"Casparius, Ben","676508","2026",14,23,25,30,10,44,16,55,84,88,25,10,88,73,,14,,,
"Pop, Zach","647315","2026",48,44,59,66,44,64,72,7,50,20,34,51,5,22,,48,76,25,
"Legumina, Casey","668984","2026",66,72,51,39,77,30,21,7,37,3,40,95,22,22,,66,34,80,
"Scherzer, Max","453286","2026",3,8,2,2,15,4,5,22,23,33,35,59,9,35,,3,25,72,
"Pallante, Andre","669467","2026",17,15,26,39,13,20,51,40,10,22,2,34,20,13,,17,54,37,
"Hurter, Brant","676428","2026",24,15,34,48,18,64,63,74,42,87,17,31,2,16,,24,18,8,
"Junis, Jakob","596001","2026",72,33,78,96,58,87,87,99,90,81,45,91,17,66,,72,,,
"Weathers, Ryan","677960","2026",21,22,13,14,41,1,13,56,12,34,85,66,51,81,,21,65,59,
"Littell, Zack","641793","2026",26,21,18,20,44,12,39,8,2,19,14,68,12,40,,26,8,2,
"Erceg, Lucas","668674","2026",56,42,52,57,62,44,28,34,22,52,20,62,1,12,,56,89,5,
"Patrick, Chad","694477","2026",60,56,51,47,64,20,35,27,1,25,11,49,31,32,,60,39,29,
"Kay, Anthony","641743","2026",8,11,13,19,8,20,41,15,6,5,24,27,27,75,,8,65,59,
"Bruihl, Justin","677865","2026",13,19,27,37,8,30,26,80,20,40,7,8,22,7,,13,4,27,
"Gilbert, Logan","669302","2026",86,70,71,65,91,12,47,19,8,29,74,88,82,65,,86,65,15,
"Lauer, Eric","641778","2026",55,85,55,35,58,30,45,41,9,71,43,15,47,15,,55,4,14,
"Flaherty, Jack","656427","2026",11,30,31,32,6,30,48,15,20,6,44,12,33,7,,11,18,40,35
"Megill, Trevor","656730","2026",6,15,9,12,6,44,33,2,20,9,24,21,78,73,,6,90,76,
"Kochanowicz, Jack","686799","2026",17,27,23,25,14,4,23,25,17,44,20,16,42,27,,17,74,32,
"Hall, DL","669084","2026",71,94,93,84,44,64,60,73,33,83,81,10,51,26,,71,39,10,
"Winn, Cole","668390","2026",93,95,94,86,90,87,87,72,73,85,52,51,81,63,,93,,,
"Lord, Brad","695418","2026",33,33,19,16,51,20,40,36,5,20,25,72,35,70,,33,55,70,
"Soriano, José","667755","2026",80,80,70,57,81,4,33,64,81,71,87,54,82,88,,80,90,13,37
"King, Bryan","687911","2026",91,87,96,99,76,87,87,82,82,89,87,57,48,75,,91,14,10,
"Zeferjahn, Ryan","666171","2026",94,95,90,71,94,64,74,74,90,88,88,66,87,36,,94,80,24,
"Suter, Brent","608718","2026",79,90,57,34,85,30,41,93,71,91,69,47,80,83,,79,1,17,
"Armstrong, Shawn","542888","2026",35,73,20,8,61,30,13,5,37,4,87,25,58,6,,35,32,18,
"Lopez, Jacob","682052","2026",32,61,48,42,22,30,55,89,24,82,19,6,26,5,,32,5,16,
"Leasure, Jordan","673929","2026",32,59,12,6,71,12,2,25,78,51,67,60,53,96,,32,65,56,
"Sims, Lucas","608371","2026",60,61,68,66,49,64,69,89,79,46,36,47,13,30,,60,,,
"Abreu, Bryan","650556","2026",2,38,8,5,1,44,6,1,66,1,86,1,87,2,,2,65,25,
"Woodford, Jake","663765","2026",17,8,12,20,31,30,21,28,47,14,18,77,32,13,,17,,,
"Paddack, Chris","663978","2026",44,40,38,37,56,20,45,49,1,33,40,70,62,81,,44,23,20,
"Anderson, Shaun","641312","2026",23,32,24,24,29,44,58,76,17,62,14,40,50,41,,23,29,96,
"Fisher, Braydon","680755","2026",55,42,41,43,69,44,28,31,74,14,96,94,90,44,,55,,,
"Morejon, Adrian","670970","2026",41,3,43,81,34,87,87,82,7,77,15,96,58,78,,41,99,91,
"Gore, MacKenzie","669022","2026",72,82,82,74,63,20,41,68,27,41,94,26,67,24,,72,68,39,13
"Valdez, Framber","664285","2026",72,46,70,81,67,44,85,68,38,60,5,75,5,77,,72,46,26,93
"Ashcraft, Braxton","677952","2026",92,88,87,78,93,44,71,21,32,51,84,68,69,69,,92,77,77,80
"Stanek, Ryne","592773","2026",37,49,44,41,37,44,43,6,4,4,58,25,90,79,,37,92,61,
"Teng, Kai-Wei","678906","2026",83,91,76,55,86,64,76,15,79,11,81,44,35,41,,83,58,89,
"Mlodzinski, Carmen","669387","2026",61,36,65,79,51,64,85,12,42,5,56,53,15,34,,61,54,8,
"Dreyer, Jack","676263","2026",53,80,42,22,69,44,16,7,51,1,77,31,51,36,,53,29,89,
"Ashby, Aaron","676879","2026",74,70,68,62,73,30,32,19,1,14,95,52,84,62,,74,83,19,
"Banda, Anthony","607455","2026",33,44,38,37,33,44,48,31,58,76,31,84,40,9,,33,25,12,
"Cruz, Steven","674444","2026",11,39,5,3,23,20,1,69,67,71,72,15,73,27,,11,80,34,
"Luzardo, Jesús","666200","2026",79,69,63,53,87,30,52,82,23,92,95,83,94,95,,79,79,40,
"Rogers, Taylor","573124","2026",42,26,46,60,39,64,76,33,62,68,44,55,19,52,,42,5,11,
"Dollander, Chase","801403","2026",50,48,38,34,70,3,9,4,17,2,55,77,66,59,,50,98,71,
"Kelly, Merrill","518876","2026",3,10,3,3,5,30,6,4,37,43,5,12,76,35,,3,,,
"Ray, Robbie","592662","2026",39,71,25,11,67,1,12,63,40,71,73,34,74,55,,39,36,75,
"Corbin, Patrick","571578","2026",1,4,1,1,6,20,1,25,49,46,11,85,33,22,,1,,,
"Singer, Brady","663903","2026",22,5,21,43,29,4,42,6,27,11,20,91,16,33,,22,7,69,
"Muñoz, Roddery","682610","2026",3,16,8,9,2,44,10,2,13,1,60,2,98,37,,3,,,
"Treinen, Blake","595014","2026",53,55,63,65,41,64,53,77,91,35,53,23,83,84,,53,,,
"Suarez, Robert","663158","2026",66,13,60,89,56,87,87,31,85,40,79,91,57,88,,66,98,82,
"Mahle, Tyler","641816","2026",20,16,22,30,23,12,24,60,29,85,56,40,23,44,,20,18,60,
"Medina, Luis","665622","2026",42,58,35,24,39,44,21,50,20,59,79,19,91,22,,42,94,86,
"Muñoz, Andrés","662253","2026",53,68,66,61,42,44,10,80,24,54,92,15,100,86,,53,,,
"Lawrence, Justin","664875","2026",6,20,4,4,16,12,1,12,41,6,87,23,75,60,,6,58,89,
"Bernardino, Brennan","657514","2026",60,21,63,87,31,64,72,99,20,97,24,44,51,55,,60,4,24,
"Gil, Luis","661563","2026",,,,,,,,,68,,,,,,,,61,92,
"Soriano, George","666277","2026",69,83,79,68,48,64,74,74,89,94,16,27,62,75,,69,,,
"Mears, Nick","683232","2026",77,77,92,97,52,87,87,66,68,22,50,17,25,35,,77,49,35,
"Civale, Aaron","650644","2026",59,56,48,44,68,30,55,15,54,11,34,64,42,43,,59,8,55,96
"Baumler, Carter","691945","2026",25,77,60,48,8,64,53,15,65,14,50,3,73,43,,25,,,51
"Peterson, David","656849","2026",31,23,55,75,18,44,83,28,17,6,47,44,54,77,,31,7,15,
"Pfaadt, Brandon","694297","2026",37,54,29,18,63,4,31,56,15,62,14,63,26,80,,37,25,66,48
"Sánchez, Cristopher","650911","2026",76,63,69,66,78,3,23,21,13,18,88,70,76,74,,76,55,19,
"Sheehan, Emmet","686218","2026",22,26,15,15,39,12,28,68,33,40,47,54,78,65,,22,49,78,
"Poulin, PJ","676571","2026",21,54,21,13,29,30,35,36,40,19,19,13,10,9,,21,2,21,
"Miller, Mason","695243","2026",100,100,100,100,100,87,87,97,97,71,100,90,100,100,,100,,,
"Schlittler, Cam","693645","2026",96,81,84,80,97,44,78,49,3,46,95,97,86,93,,96,88,64,
"Silseth, Chase","681217","2026",42,70,61,52,22,44,16,77,89,96,75,4,97,91,,42,75,85,
"Headrick, Brent","687396","2026",48,36,48,53,35,44,53,11,78,50,70,36,85,78,,48,32,76,
"Leiter, Jack","683004","2026",55,70,38,23,74,4,8,30,24,14,88,52,94,63,,55,86,86,
"De Jesus, Enmanuel","646241","2026",77,88,87,77,68,64,63,50,84,87,60,21,20,32,,77,40,68,
"Soroka, Michael","647336","2026",20,44,16,10,34,1,1,14,45,13,91,56,63,55,,20,42,88,
"Roycroft, Chris","688297","2026",29,37,68,81,8,64,60,95,51,83,4,4,1,22,,29,53,19,
"Taylor, Grant","691799","2026",84,73,72,65,88,44,40,15,76,20,84,80,43,92,,84,99,87,
"Martinez, Nick","607259","2026",45,42,29,23,71,20,49,52,32,66,20,80,19,50,,45,23,48,
"Roa, Christian","685005","2026",7,23,24,29,2,64,72,50,71,10,19,6,67,7,,7,73,13,
"Jax, Griffin","643377","2026",14,13,20,28,11,64,67,43,30,61,13,17,69,27,,14,,,
"Estrada, Jeremiah","669093","2026",13,27,20,21,12,30,6,92,88,22,70,12,84,62,,13,60,21,
"Walker, Ryan","676254","2026",68,70,66,58,68,64,60,96,61,92,68,36,28,18,,68,61,75,
"Banks, Tanner","621383","2026",83,65,60,56,92,64,69,95,66,99,63,91,34,95,,83,,,
"Romero, JoJo","668941","2026",32,16,40,60,22,64,79,14,32,54,11,60,2,18,,32,36,29,
"Fluharty, Mason","689254","2026",90,95,83,59,82,64,56,83,40,88,92,21,88,90,,90,,,
"Martin, Davis","663436","2026",30,14,24,38,37,30,59,9,5,8,45,82,32,51,,30,36,80,