Name,Team,W,L,SV,G,GS,IP,K/9,BB/9,HR/9,BABIP,LOB%,GB%,HR/FB,vFA (pi),ERA,xERA,FIP,xFIP,WAR,NameASCII,PlayerId,MLBAMID
"Cristopher Sánchez","PHI",1,0,0,1,1,6,15,0,0,0.2727272727272727,1,0.636363636,0,,0,1.0225544420786674,-0.1202775319417313,0.6169519009689495,0.40860313177108765,"Cristopher Sanchez",20778,650911
"Bryan Woo","SEA",0,0,0,1,1,6,13.5,1.5,0,0.3076923076923077,0.6,0.076923076,0,95.61851992849576,3,1.9081470372089155,0.7130558013916022,2.6790009558200842,0.36101609468460083,"Bryan Woo",30279,693433
"Dylan Cease","TOR",0,0,0,1,1,5.1,20.250001206994128,3.375000201165688,0,0.375,0.8,0.25,0,98.3372294108073,1.687500100582844,2.770024405442056,-0.16194439977408637,0.6674387616855184,0.35966184735298157,"Dylan Cease",18525,656302
"Lance McCullers Jr.","HOU",1,0,0,1,1,7,11.571428571428571,1.2857142857142858,0,0.2857142857142857,0.8,0.571428571,0,92.29330105251736,1.2857142857142858,3.6137878128697603,1.070198658534459,1.9127465818609513,0.3529869019985199,"Lance McCullers Jr.",14120,621121
"Emerson Hancock","SEA",1,0,0,1,1,6,13.5,1.5,0,0,1,0.75,0,93.81667432598039,0,0.76274512789015,1.2130558013916022,1.7045420899987227,0.3436054289340973,"Emerson Hancock",27470,676106
"Reid Detmers","LAA",0,0,0,1,1,4.2,17.35714522186623,0,0,0.5454545454545454,0.57142857,0.181818181,0,93.53675805068598,5.7857150739554095,1.8486388697785305,-0.0012303508058479906,1.2625917063659813,0.33590826392173767,"Reid Detmers",27468,672282
"Michael Soroka","ARI",1,0,0,1,1,5,18,1.8,0,0.4444444444444444,1,0.333333333,0,93.82385647681451,0,5.353457951743944,-0.18694419860839817,0.6977311208844186,0.33396950364112854,"Michael Soroka",18383,647336
"Cam Schlittler","NYY",1,0,0,1,1,5.1,13.500000804662752,0,0,0.1111111111111111,1,0.444444444,0,98.86044456845238,0,0.8442964759523519,0.21305562257765676,1.3188998378571295,0.33303165435791016,"Cam Schlittler",32095,693645
"Carmen Mlodzinski","PIT",0,0,0,1,1,4.1,16.615385834282055,0,0,0.5,0.66666667,0.5,0,95.15899658203125,4.153846458570514,2.0680703583614806,-0.4792521617821883,0.541527127901138,0.3061874806880951,"Carmen Mlodzinski",27572,669387
"Michael Wacha","KCR",0,0,0,1,1,6,10.5,1.5,0,0.25,1,0.454545454,0,93.525009765625,0,1.3727239075328364,1.379722468058269,2.3626950452725097,0.29708951711654663,"Michael Wacha",14078,608379
"Seth Lugo","KCR",1,0,0,1,1,6.1,4.263158108719178,0,0,0.23809523809523808,1,0.333333333,0,92.19150216238839,0,8.46389997933272,2.26568733278734,4.36097108938708,0.28903815150260925,"Seth Lugo",12447,607625
"Joe Boyle","TBR",0,0,0,1,1,6,6,0,0,0.17647058823529413,0.33333333,0.470588235,0,97.4586245888158,3,3.341480710407655,1.879722468058269,3.5999244781831905,0.28774458169937134,"Joe Boyle",29608,671212
"Tarik Skubal","DET",1,0,0,1,1,6,9,0,0,0.1875,0.66666667,0.4375,0,97.68926791487068,0,1.8535936226443195,1.2130558013916022,2.6875146672129637,0.2822948396205902,"Tarik Skubal",22267,669373
"Parker Messick","CLE",1,0,0,1,1,6,7.5,0,0,0.3333333333333333,1,0.428571428,0,93.31784202938988,0,3.2155733837631355,1.5463891347249354,2.5293617119391767,0.281436026096344,"Parker Messick",31986,800048
"Tyler Glasnow","LAD",0,0,0,1,1,6,9,1.5,0,0.25,0.6,0.4375,0,96.12509765625,3,2.3472233849463198,1.7130558013916022,2.9417715229094035,0.2642439603805542,"Tyler Glasnow",14374,607192
"Garrett Crochet","BOS",1,0,0,1,1,6,12,3,0,0.21428571428571427,1,0.357142857,0,96.76448567708333,0,2.97056726776417,1.5463891347249354,2.5293617119391767,0.25420883297920227,"Garrett Crochet",27463,676979
"Ryan Weathers","NYY",0,0,0,1,1,4.1,14.538462604996798,4.153846458570514,0,0.4,0.83333333,0.4,0,96.86503601074219,2.076923229285257,3.3733663136545413,1.3669018198047067,2.0474213462602577,0.24769815802574158,"Ryan Weathers",23796,677960
"Luis Castillo","SEA",0,0,0,1,1,6,10.5,3,0,0.16666666666666666,1,0.5,0,95.5322265625,0,1.2539287636279384,1.879722468058269,3.3541813338796302,0.24519751965999603,"Luis Castillo",15689,622491
"Michael McGreevy","STL",0,0,0,1,1,6,7.5,3,0,0,1,0.285714285,0,91.091201171875,0,5.254910012442481,2.5463891347249357,4.758077433456978,0.23730593919754028,"Michael McGreevy",29869,700241
"Kevin Gausman","TOR",0,0,0,1,1,6,16.5,0,1.5,0,1,0.5,0.5,94.5107362328506,1.5,1.8193713809514882,1.7130558013916022,0.03787542333205618,0.2366560846567154,"Kevin Gausman",14107,592332
"Edward Cabrera","CHC",1,0,0,1,1,6,7.5,1.5,0,0.07692307692307693,1,0.461538461,0,96.54135964133523,0,1.0744612511396738,2.0463891347249357,3.520848000546297,0.22585411369800568,"Edward Cabrera",21690,665795
"Rico Garcia","BAL",1,0,0,2,0,2.1,15.428573530547759,0,0,0,1,0.333333333,0,96.12911283052884,0,1.0765916876475061,-0.21551609428567797,0.41639493430023666,0.2220664620399475,"Rico Garcia",20023,670329
"Andrew Abbott","CIN",0,0,0,1,1,6,6,1.5,0,0.3684210526315789,1,0.578947368,0,92.90671657986111,0,2.8008564455867635,2.3797224680582687,3.3626950452725097,0.22043626010417938,"Andrew Abbott",29911,671096
"Mitch Keller","PIT",0,0,0,1,1,6,4.5,0,0,0.16666666666666666,1,0.388888888,0,93.38260452835648,0,1.893254934805072,2.213055801391602,4.179000955820085,0.21392378211021423,"Mitch Keller",17594,656605
"Framber Valdez","DET",0,0,0,1,1,6,7.5,1.5,0,0.3684210526315789,0.75,0.47368421,0,,1.5,3.162197572811222,2.0463891347249357,3.520848000546297,0.20964090526103973,"Framber Valdez",17295,664285
"Joe Ryan","MIN",0,0,0,1,1,5.1,11.812500704079909,3.375000201165688,0,0.1,1,0.2,0,94.00310315583882,0,1.6989456966947716,1.7130557119846292,3.6482830887237068,0.20908568799495697,"Joe Ryan",21390,657746
"Landen Roupp","SFG",1,0,0,1,1,6,10.5,3,0,0.16666666666666666,1,0.583333333,0,93.07040405273438,0,2.2517992949883405,1.879722468058269,2.371208756665389,0.20671957731246948,"Landen Roupp",30076,694738
"Sandy Alcantara","MIA",1,0,0,1,1,7,6.428571428571429,2.5714285714285716,0,0.2222222222222222,0.83333333,0.529411764,0,96.62220052083333,0,1.7898992563482068,2.6416272299630306,3.905449114952769,0.20464347302913666,"Sandy Alcantara",18684,645261
"Taj Bradley","MIN",0,0,0,1,1,4.1,18.69230906356731,6.230769687855771,0,0.42857142857142855,0.83333333,0.428571428,0,97.71186127533784,2.076923229285257,3.2549586478018355,1.1361325721063449,1.8166520985618957,0.19909904897212982,"Taj Bradley",22543,671737
"Bryce Elder","ATL",1,0,0,1,1,6,7.5,1.5,0,0.29411764705882354,1,0.411764705,0,92.74020385742188,0,3.0718920892618833,2.0463891347249357,3.275104856242737,0.19620168209075928,"Bryce Elder",27779,693821
"Max Meyer","MIA",0,0,0,1,1,5,9,3.6,0,0.3125,0.57142857,0.375,0,93.72362518310547,5.4,5.5458087464361165,2.413055801391602,4.477298213541507,0.19559615850448608,"Max Meyer",27474,676974
"Randy Vásquez","SDP",1,0,0,1,1,6,12,4.5,0,0.16666666666666666,1,0.583333333,0,94.97930036272321,0,2.615416873064472,2.0463891347249357,3.0293617119391767,0.1923930048942566,"Randy Vasquez",24719,681190
"Chase Burns","CIN",1,0,0,1,1,5,12.6,5.4,0,0.1111111111111111,1,0.666666666,0,98.39344507334184,0,1.9939913442077974,2.2130558013916017,3.0977311208844185,0.18958447873592377,"Chase Burns",35333,695505
"Eric Lauer","TOR",1,0,0,1,1,5.1,15.187500905245596,1.687500100582844,1.687500100582844,0.2222222222222222,0.76923077,0.2,0.142857142,90.97383549528301,3.375000201165688,1.6068018276543672,2.8380557790398586,2.3357830104926056,0.185600146651268,"Eric Lauer",19316,641778
"Connelly Early","BOS",0,0,0,1,1,5.1,10.125000603497064,3.375000201165688,0,0.38461538461538464,0.85714286,0.461538461,0,94.56405978732639,1.687500100582844,4.855823281262104,2.0880557343363724,3.193899949615845,0.1847299486398697,"Connelly Early",33666,813349
"Logan Webb","SFG",0,1,0,1,1,5,12.6,1.8,0,0.5294117647058824,0.36363636,0.411764705,0,92.6207608309659,10.8,5.953937563940582,1.6130558013916017,2.792622894048691,0.18326494097709656,"Logan Webb",17995,657277
"Ryan Helsley","BAL",0,0,2,2,0,2,18,0,0,0.4,1,0.4,0,99.91853471235795,0,3.7363426580877586,-0.7869441986083983,-0.04971476569771749,0.18065880239009857,"Ryan Helsley",18138,664854
"Pete Fairbanks","MIA",0,0,2,2,0,2,9,0,0,0.2,1,0,0,96.88641357421875,0,0.7671117070818614,1.2130558013916017,4.161973533034325,0.17513740062713623,"Pete Fairbanks",17998,664126
"Sean Burke","CHW",0,1,0,1,1,4,11.25,2.25,0,0.5,0.5,0.642857142,0,93.79456728980655,6.75,3.4291819701762862,1.4630558013916017,3.3061293836683037,0.17126977443695068,"Sean Burke",29878,680732
"Hunter Brown","HOU",0,0,0,1,1,4.2,17.35714522186623,7.714286765273879,0,0.4444444444444444,1,0.777777777,0,96.41242980957031,0,1.984742894076398,1.9273413405126218,2.243296854805579,0.16803845763206482,"Hunter Brown",25880,686613
"Shane Baz","BAL",0,0,0,1,1,5.1,6.750000402331376,0,0,0.4375,0.5,0.25,0,97.29607522898706,6.750000402331376,3.4776777929384566,2.2755557455122437,4.487244176071189,0.16699683666229248,"Shane Baz",22264,669358
"Logan Gilbert","SEA",0,0,0,1,1,5.1,11.812500704079909,0,1.687500100582844,0.3076923076923077,0.55555556,0.142857142,0.111111111,95.0234375,5.062500301748532,1.862982700932691,3.02555579021573,3.0762051293082138,0.16168445348739624,"Logan Gilbert",22250,669302
"Garrett Whitlock","BOS",0,0,0,2,0,2,13.5,0,0,0.25,1,0.333333333,0,,0,1.4315564087513504,0.21305580139160174,0.9502852343022825,0.16058988869190216,"Garrett Whitlock",20191,676477
"Max Fried","NYY",1,0,0,1,1,6.1,5.684210811625571,1.4210527029063929,0,0.11764705882352941,1,0.411764705,0,95.0205310639881,0,3.826747741443254,2.897266311856848,4.294122149590009,0.15646758675575256,"Max Fried",13743,608331
"Tyler Mahle","SFG",0,1,0,1,1,4,11.25,2.25,0,0.45454545454545453,0.66666667,0.454545454,0,92.32594651442308,4.5,6.407362649647864,1.4630558013916017,3.3061293836683037,0.15197351574897766,"Tyler Mahle",16358,641816
"José Soriano","LAA",1,0,0,1,1,6,10.5,6,0,0.15384615384615385,1,0.692307692,0,98.94833772078805,0,2.387344079239707,2.8797224680582687,3.371208756665389,0.15014715492725372,"Jose Soriano",22100,667755
"David Peterson","NYM",0,0,0,1,1,5.1,5.062500301748532,3.375000201165688,0,0.3,1,0.7,0,91.35333862304688,0,3.170512685214331,3.2130558013916017,4.3189000166710745,0.14701920747756958,"David Peterson",20302,656849
"Jacob Latz","TEX",0,0,0,1,1,4,6.75,2.25,0,0,1,0.4,0,92.7967465049342,0,2.4673905175743127,2.4630558013916017,4.674744100123644,0.14258253574371338,"Jacob Latz",21306,656641
"MacKenzie Gore","TEX",1,0,0,1,1,5.1,11.812500704079909,5.062500301748532,0,0.18181818181818182,0.66666667,0.454545454,0,95.815283203125,3.375000201165688,2.8278477805358198,2.8380557790398586,4.2203610481392,0.13467708230018616,"MacKenzie Gore",22201,669022
"Eduardo Rodriguez","ARI",0,0,0,1,1,5,9,3.6,0,0.3076923076923077,0.83333333,0.538461538,0,92.92345473345588,0,3.0417674839283375,2.413055801391602,3.0028393477201463,0.13279779255390167,"Eduardo Rodriguez",13164,593958
"Gabe Speier","SEA",0,1,0,3,0,2.1,11.571430147910819,0,0,0.5,0.5,0.5,0,94.91773681640625,7.714286765273879,4.105048007716184,0.641626879633642,2.537359965391386,0.12889419496059418,"Gabe Speier",17170,642100
"Gregory Soto","PIT",0,0,0,2,0,2.1,19.2857169131847,3.8571433826369397,0,0,1,0.5,0,97.3963394165039,0,1.4644186740942766,0.213055392673982,0.8449664212598966,0.12875996530056,"Gregory Soto",19677,642397
"Jimmy Herget","COL",0,0,0,2,0,2,13.500006437304705,0,0,0.4,1,0.6,0,92.77239990234375,0,2.055212211084283,0.213054370879445,0.9502841553286809,0.12591126561164856,"Jimmy Herget",17556,623474
"Jake Bird","NYY",1,0,0,3,0,3.1,8.100003089905965,0,0,0.125,1,0.75,0,,0,0.4955954379329155,1.413055114745832,2.2977307717156297,0.12492068111896515,"Jake Bird",21267,656234
"Jhoan Duran","PHI",0,1,1,2,0,1.2,16.20000617981193,0,0,0.6,0.33333333,0.8,0,100.21512179904514,5.400002059937309,3.0675715296305595,-0.38694557189993795,-0.38694557189993795,0.1231977641582489,"Jhoan Duran",21029,661395
"Jalen Beeks","TEX",0,0,0,3,0,3.1,10.80000102996836,0,0,0.3333333333333333,1,0.666666666,0,93.78296959918478,0,3.2963861771339933,0.8130555725097444,1.6977309763717825,0.12282973527908325,"Jalen Beeks",17192,656222
"Graham Ashcraft","CIN",0,0,0,3,0,3,18.000005722047717,6.000001907349239,0,0.25,0.66666667,0.75,0,,3.0000009536746197,2.114778020583851,1.2130551656085222,1.2130551656085222,0.12279681861400604,"Graham Ashcraft",27552,668933
"Jack Leiter","TEX",1,0,0,1,1,6,12,1.5,1.5,0.2857142857142857,0.86956522,0.4,0.125,97.52826286764706,3,2.5995340475596693,3.213055801391602,3.0123342891534177,0.12155869603157043,"Jack Leiter",30146,683004
"Erik Sabrowski","CLE",0,0,0,3,0,3.1,13.500005149843274,5.400002059937309,0,0,1,0.2,0,94.42282516891892,0,0.7268963149822637,2.013055343627755,3.782406657567351,0.12059751152992249,"Erik Sabrowski",24978,681870
"Jacob Misiorowski","MIL",1,0,0,1,1,5,19.8,5.4,1.8,0.2,1,0.5,0.333333333,98.51171875,1.8,2.9652696473668088,3.2130558013916017,1.4977311208844186,0.11664330959320068,"Jacob Misiorowski",31623,694819
"Louis Varland","TOR",0,1,0,3,0,3.1,13.50000128746045,5.40000051498418,0,0.5,0.66666667,0.625,0,97.94698079427083,0,3.210159780803923,2.0130556869506733,2.455393388881692,0.11483747512102127,"Louis Varland",27691,686973
"Camilo Doval","NYY",0,0,0,3,0,2.1,11.571430147910819,0,0,0,1,0.6,0,97.13471984863281,0,0.582631394096937,0.641626879633642,1.2735379082195566,0.1139359325170517,"Camilo Doval",21992,666808
"Jonathan Loáisiga","ARI",0,0,0,2,0,2.1,7.714286765273879,0,0,0.16666666666666666,1,0.666666666,0,97.63043212890625,0,0.6779365916982282,1.4987698535529619,2.762591910724791,0.11186964064836502,"Jonathan Loaisiga",19753,642528
"Braydon Fisher","TOR",0,0,0,2,0,2.1,7.714289918240094,0,0,0,1,0.5,0,94.8693339029948,0,1.4373175076636269,1.4987691528938032,2.762591726612187,0.10864631831645966,"Braydon Fisher",24609,680755
"Tanner Scott","LAD",0,0,0,3,0,2.1,11.571430147910819,0,0,0.2,1,0.2,0,96.90184020996094,0,0.8231425457450313,0.641626879633642,2.537359965391386,0.10863439738750458,"Tanner Scott",17586,656945
"Joey Cantillo","CLE",0,0,0,1,1,3.2,12.272729400761241,7.363637640456744,0,0.4,0.71428571,0.3,0,92.44341169084821,4.909091760304496,5.857268273181926,2.940328481374685,4.548829341177254,0.10860542953014374,"Joey Cantillo",23335,676282
"Tim Hill","NYY",0,0,0,2,0,2.1,11.571430147910819,0,0,0.25,1,1,0,,0,0.7019620837000292,0.641626879633642,0.641626879633642,0.10724008083343506,"Tim Hill",16814,657612
"Dustin May","STL",0,1,0,1,1,4,6.75,2.25,0,0.5555555555555556,0.45454545,0.294117647,0,96.73685455322266,13.5,8.643025782814469,2.4630558013916017,5.043358816578984,0.10722535848617554,"Dustin May",19716,669160
"Tyler Alexander","TEX",0,0,2,3,0,3,9,0,0,0.14285714285714285,0.5,0.285714285,0,89.94235229492188,0,0.9397362092207068,2.213055801391602,4.670487244427205,0.10614489763975143,"Tyler Alexander",17735,641302
"Yoshinobu Yamamoto","LAD",1,0,0,1,1,6,9,0,1.5,0.2857142857142857,0.83333333,0.266666666,0.125,96.30057779947917,3,3.1942420440401977,3.3797224680582687,3.1790009558200842,0.104560986161232,"Yoshinobu Yamamoto",33825,808967
"Roki Sasaki","LAD",0,1,0,1,1,4,9,4.5,0,0.3333333333333333,0.83333333,0.454545454,0,98.0173275596217,2.25,3.802592707381349,2.7130558013916017,3.4502852343022825,0.10148707032203674,"Roki Sasaki",35323,808963
"Chris Sale","ATL",1,0,0,1,1,6,9,4.5,0,0.23076923076923078,1,0.538461538,0,95.90179998224431,0,4.995428569006956,3.213055801391602,3.7045420899987227,0.10069497674703598,"Chris Sale",10603,519242
"Yennier Cano","BAL",0,0,0,2,0,0.2,27.000028163224034,0,0,1,1,1,0,,0,1.3555803675858384,-2.7869504571026273,-2.7869504571026273,0.10028044879436493,"Yennier Cano",25911,666974
"Keaton Winn","SFG",0,0,0,3,0,3,18,3,0,0,1,0.333333333,0,96.86285400390625,0,1.7817244888974686,0.21305580139160218,1.1960283786058432,0.09881410747766495,"Keaton Winn",23499,676775
"Angel Zerpa","MIL",0,0,0,2,0,2,9,0,0,0.4,1,0.4,0,,0,4.468472674702852,1.2130558013916017,1.9502852343022825,0.09839343279600143,"Angel Zerpa",22717,672582
"Riley O'Brien","STL",1,0,0,2,0,2.1,7.714286765273879,0,0,0.42857142857142855,1,0.714285714,0,,0,2.2965282291768467,1.4987698535529619,1.4987698535529619,0.09826484322547913,"Riley O'Brien",20348,676617
"Kyle Harrison","MIL",0,0,0,1,1,5,14.4,1.8,1.8,0.3,1,0.4,0.333333333,95.19370404411765,1.8,2.0572477594308154,3.2130558013916017,1.4977311208844186,0.09064856916666031,"Kyle Harrison",27758,690986
"Sean Newcomb","CHW",0,0,0,2,0,5,10.800002059936917,3.6000006866456387,0,0.42857142857142855,0.625,0.615384615,0,94.3504997702206,5.400001029968458,2.836812355459765,2.013055572509722,2.6028392313305724,0.09045960754156113,"Sean Newcomb",16943,656794
"Yohan Ramírez","PIT",0,0,0,2,0,4,11.250002682209654,4.500001072883862,0,0.14285714285714285,1,0.428571428,0,97.28179059709821,0,1.143083719938498,2.213055562972966,3.318899975992841,0.0902070701122284,"Yohan Ramirez",19444,670990
"Luis Severino","ATH",0,0,0,1,1,5,5.4,5.4,0,0.21428571428571427,0.66666667,0.5,0,97.258056640625,3.6,3.813452053309225,3.813055801391602,5.287514667212964,0.090202696621418,"Luis Severino",15890,622663
"Will Warren","NYY",0,0,0,1,1,4.1,6.230769687855771,4.153846458570514,0,0.35714285714285715,0.85714286,0.642857142,0,94.82980346679688,2.076923229285257,4.14735748025568,3.2130558013916017,4.233835091074928,0.08962402492761612,"Will Warren",30182,701542
"Jakob Junis","TEX",0,0,0,2,0,3,6,0,0,0,1,0.714285714,0,91.96397399902344,0,2.4563084172217775,1.879722468058269,2.371208756665389,0.08941526710987091,"Jakob Junis",13619,596001
"Cade Smith","CLE",1,0,1,3,0,3,9,3,0,0.4,0.4,0.4,0,97.28689014668367,9,3.1347289611606888,2.213055801391602,2.7045420899987227,0.08887581527233124,"Cade Smith",27867,671922
"Brooks Raley","NYM",0,0,0,2,0,2,9,0,0,0.2,1,0.2,0,,0,1.6519997586009425,1.2130558013916017,3.424744100123644,0.08867515623569489,"Brooks Raley",10061,548384
"Andrew Nardi","MIA",0,0,0,1,0,0.2,27.000028163224034,0,0,1,1,1,0,94.28193969726563,0,1.3555803675858384,-2.7869504571026273,-2.7869504571026273,0.08588206768035889,"Andrew Nardi",25942,677053
"Steven Okert","HOU",0,0,0,2,0,2.2,10.125002413988689,3.3750008046628963,0,0,1,0.5,0,90.64522094726563,0,0.5315498511482674,2.0880555331706363,3.1938999461905113,0.08587564527988434,"Steven Okert",13580,595345
"Didier Fuentes","ATL",0,0,0,1,0,4,9,2.25,0,0.2,0.66666667,0.3,0,95.91020903716216,2.25,3.463814162871182,1.9630558013916017,3.8061293836683037,0.08553754538297653,"Didier Fuentes",30661,800311
"Matt Strahm","KCR",0,0,0,2,0,1.2,5.400002059937309,0,0,0.2,1,0.4,0,90.29044189453126,0,1.4611813266067457,2.013055343627755,3.782406657567351,0.08544968068599701,"Matt Strahm",13799,621381
"Brent Headrick","NYY",0,0,0,3,0,2.1,15.428579836480187,3.857144959120047,0,0.5714285714285714,1,0.142857142,0,94.23344152113971,0,4.415641702808371,1.0701974907693534,3.597842638206121,0.0847519263625145,"Brent Headrick",27702,687396
"Cody Ponce","TOR",0,0,0,1,1,2.1,11.571430147910819,3.8571433826369397,0,0.16666666666666666,0.5,0.5,0,95.72285970052083,3.8571433826369397,2.4163973179769886,1.9273413405126218,3.8230744262703658,0.08308352530002594,"Cody Ponce",17920,664074
"Kyle Hart","SDP",0,0,0,1,0,2,13.5,0,0,0,1,0,0,,0,0.6480989450805111,0.21305580139160174,1.6875146672129633,0.08299656957387924,"Kyle Hart",19646,606996
"Justin Topa","MIN",0,0,0,3,0,2.2,6.750001609325793,0,0,0.25,0.5,0.625,0,,3.3750008046628963,0.8711298775887006,1.7130554437636478,3.37182206329346,0.08295423537492752,"Justin Topa",15145,623437
"Antonio Senzatela","COL",0,0,0,1,0,2.2,10.125002413988689,3.3750008046628963,0,0.16666666666666666,1,0.833333333,0,97.09977891710069,0,1.2860899337493088,2.0880555331706363,2.6409777396805736,0.08160508424043655,"Antonio Senzatela",15488,622608
"Edgardo Henriquez","LAD",1,0,0,1,0,1,9,0,0,0,1,0,0,101.1780014038086,0,0.08179565671645768,1.2130558013916017,4.161973533034325,0.08141212165355682,"Edgardo Henriquez",26944,683618
"Chase Silseth","LAA",0,0,0,3,0,2,4.500002413989408,0,0,0.16666666666666666,1,0.166666666,0,96.03763834635417,0,3.45145395813476,2.213055264949511,4.4247447501242485,0.08113263547420502,"Chase Silseth",30074,681217
"Cade Cavalli","WSN",0,0,0,1,1,3.2,12.272729400761241,7.363637640456744,0,0.3333333333333333,0.5,0.666666666,0,96.55983129040948,4.909091760304496,2.916515044738083,2.940328481374685,4.146704126226612,0.07989583164453506,"Cade Cavalli",27473,676917
"Brad Lord","WSN",1,0,0,2,0,5.1,6.750000402331376,1.687500100582844,0,0.29411764705882354,0.85714286,0.5625,0,94.67724609375,1.687500100582844,4.227845079517975,2.8380557790398586,3.6674389404994634,0.07979223877191544,"Brad Lord",31972,695418
"Devin Williams","NYM",0,0,1,2,0,2,13.5,4.5,0,0.25,1,0.5,0,94.08056640625,0,1.053069750093353,1.7130558013916017,3.1875146672129633,0.07932940125465393,"Devin Williams",15816,642207
"Bryan Baker","TBR",0,0,0,2,0,2,9,0,0,0,1,0.75,0,97.573486328125,0,1.6969329810317062,1.2130558013916017,1.2130558013916017,0.07842668890953064,"Bryan Baker",19804,641329
"Bailey Falter","KCR",0,0,0,1,0,3,12,0,0,0.5,0.6,0.3,0,93.5221416766827,6,1.5068073645139242,0.5463891347249357,2.5123342891534177,0.07802856713533401,"Bailey Falter",20070,663559
"Trevor Rogers","BAL",1,0,0,1,1,7,6.428571428571429,5.142857142857143,0,0.17647058823529413,1,0.529411764,0,93.343017578125,0,3.6397405852828757,3.927341515677316,4.9805264198354315,0.07737034559249878,"Trevor Rogers",22286,669432
"Trevor Megill","MIL",0,1,1,2,0,2,13.5,4.5,0,0.4,0.66666667,0.4,0,98.08819258840461,4.5,3.076048668799313,1.7130558013916017,3.1875146672129633,0.07658477127552032,"Trevor Megill",17722,656730
"Kenley Jansen","DET",0,0,1,1,0,1,27,0,0,0,1,0,0,,0,0,-2.7869441986083983,-2.7869441986083983,0.07582498341798782,"Kenley Jansen",3096,445276
"Bryan King","HOU",0,0,1,3,0,2.2,16.87500402331448,3.3750008046628963,0,0.5,0.8,0.666666666,0,92.65754917689732,3.3750008046628963,2.7149671373680446,1.7130554437636478,2.265977650273585,0.07579074800014496,"Bryan King",25890,687911
"Michael Petersen","MIA",1,0,0,2,0,2,13.5,0,0,0,1,0.333333333,0,96.81569260817308,0,0.18685279423745763,0.21305580139160174,1.6875146672129633,0.07571703940629959,"Michael Petersen",20827,656848
"Connor Seabold","DET",0,0,0,1,0,2.1,11.571430147910819,0,0,0.2,1,0.2,0,94.37929506655092,0,1.9251446398583358,0.641626879633642,1.9054489368054712,0.07549411058425903,"Connor Seabold",19695,657756
"Aaron Bummer","ATL",0,0,0,2,0,1.2,10.800004119874618,0,0,0.2,1,0.2,0,91.75867919921875,0,6.7929426148793635,0.8130548858639086,4.351757513743101,0.07425278425216675,"Aaron Bummer",16258,607481
"Jeffrey Springs","ATH",0,0,0,1,1,5.1,3.375000201165688,5.062500301748532,0,0.29411764705882354,0.75,0.411764705,0,91.53852696572581,3.375000201165688,4.148554339519877,4.15055585727096,5.5328611263703005,0.07399169355630875,"Jeffrey Springs",17677,605488
"Scott Barlow","ATH",0,0,0,2,0,2.2,3.3750008046628963,3.3750008046628963,0,0.2222222222222222,0.66666667,0.333333333,0,88.81504821777344,0,3.5883142180090126,3.58805589079859,5.79974471683834,0.07372681051492691,"Scott Barlow",14993,605130
"Justin Sterner","ATH",0,1,0,2,0,1.2,10.800004119874618,0,0,0.5,0.66666667,0.833333333,0,93.43551635742188,5.400002059937309,1.1203242999821144,0.8130548858639086,1.6977305428337066,0.07341650873422623,"Justin Sterner",27694,686993
"Adrian Morejon","SDP",0,0,0,1,0,2,4.5,0,0,0.2,1,0.8,0,99.85455322265625,0,1.8976614650296084,2.2130558013916017,2.2130558013916017,0.07081878185272217,"Adrian Morejon",20039,670970
"Ryan Zeferjahn","LAA",1,0,0,1,0,2,9,0,0,0,1,0.25,0,96.56571451822917,0,0.5567392835381875,1.2130558013916017,3.424744100123644,0.06953468173742294,"Ryan Zeferjahn",25420,666171
"Jordan Leasure","CHW",0,0,0,2,0,2.1,7.714286765273879,0,0,0.2857142857142857,0.5,0.285714285,0,95.91178171258224,3.8571433826369397,1.6821225988572766,1.4987698535529619,4.02641396789662,0.0688818022608757,"Jordan Leasure",29950,673929
"Connor Phillips","CIN",1,0,1,3,0,3.2,12.272729400761241,7.363637640456744,0,0.2857142857142857,0.6,0.142857142,0,98.30020805027173,4.909091760304496,3.6794070761181454,2.940328481374685,4.548829341177254,0.06830509006977081,"Connor Phillips",27649,683175
"Huascar Brazobán","NYM",0,0,0,2,0,2.1,3.857144959120047,0,0,0,1,0.666666666,0,93.8346659342448,0,0.5069352475990159,2.3559124771427022,3.619735050861086,0.0673164576292038,"Huascar Brazoban",6107,623211
"Will Klein","LAD",1,0,0,2,0,2,9,0,0,0.2,1,0.8,0,98.063232421875,0,0.26771837008329424,1.2130558013916017,1.9502852343022825,0.06683776527643204,"Will Klein",27787,694361
"Nick Martinez","TBR",0,0,0,1,1,6,4.5,0,1.5,0.25,0.86956522,0.666666666,0.2,93.51225280761719,3,3.9127023335500764,4.379722468058269,3.4417715229094035,0.06637965887784958,"Nick Martinez",12730,607259
"Matt Festa","CLE",0,0,0,1,0,1.2,5.400002059937309,0,0,0,1,0.5,0,90.74774169921875,0,0.787813475583704,2.013055343627755,3.782406657567351,0.06559533625841141,"Matt Festa",19330,670036
"Tyler Wells","BAL",0,0,0,3,0,2.2,13.500003218651585,6.750001609325793,0,0.6,0.625,0.2,0,93.871484375,10.125002413988689,3.9615763568240134,2.463055622577625,4.674744448617375,0.06507815420627594,"Tyler Wells",20000,669330
"Wandy Peralta","SDP",0,0,0,3,0,2.1,0,0,0,0.3,1,0.2,0,95.17449951171875,0,2.6519723114719724,3.2130558013916017,5.740699915735261,0.06493143737316132,"Wandy Peralta",14295,593974
"Kevin Kelly","TBR",0,0,1,2,0,1.1,6.750001609325793,0,0,0.25,1,0.75,0,,0,9.292217905464575,1.7130554437636478,2.8188998567835224,0.06416971236467361,"Kevin Kelly",25679,687330
"Jaden Hill","COL",0,1,0,2,0,2,4.500002145768235,0,0,0.3333333333333333,0.5,0.666666666,0,96.61312866210938,4.500002145768235,1.4704470307878077,2.213055324554216,3.6875148934526885,0.06363660842180252,"Jaden Hill",30250,677955
"Dietrich Enns","BAL",0,0,0,2,0,3.1,13.500005149843274,5.400002059937309,0,0.14285714285714285,0.66666667,0.428571428,0,93.77931722005208,2.7000010299686545,3.131736379862763,2.013055343627755,3.340068829082452,0.0629945918917656,"Dietrich Enns",13932,608650
"Nick Pivetta","SDP",0,1,0,1,1,3,12,9,0,0.5833333333333334,0.4,0.083333333,0,94.14390980113636,18,8.724039870069968,3.5463891347249357,7.969765732189019,0.062760129570961,"Nick Pivetta",15454,601713
"Tyler Rogers","TOR",0,0,0,3,0,3,9,3,0,0,1,0.833333333,0,,0,1.9209834821369043,2.213055801391602,2.7045420899987227,0.06097150966525078,"Tyler Rogers",15541,643511
"Edwin Díaz","LAD",0,0,2,2,0,2,9,4.5,0,0,1,0.25,0,96.21727837456598,0,1.7758071036346577,2.7130558013916017,4.924744100123644,0.060941554605960846,"Edwin Diaz",14710,621242
"Braxton Ashcraft","PIT",0,1,0,1,1,6,4.5,6,0,0.2222222222222222,0.75,0.5,0,96.71850004650298,3,4.411365948729007,4.213055801391603,5.933257811516524,0.059568826109170914,"Braxton Ashcraft",23793,677952
"Jack Dreyer","LAD",0,0,0,1,0,1.2,5.400002059937309,0,0,0.25,1,0.25,0,94.70829264322917,0,2.4882273801934938,2.013055343627755,3.782406657567351,0.059261322021484375,"Jack Dreyer",30249,676263
"Juan Mejia","COL",0,0,0,1,0,2,4.5,0,0,0.16666666666666666,1,0.333333333,0,97.62753295898438,0,1.7010540386150936,2.2130558013916017,4.424744100123644,0.059244513511657715,"Juan Mejia",23237,675848
"Aroldis Chapman","BOS",0,0,1,2,0,2,4.5,0,0,0,1,0,0,97.07865397135417,0,3.4156991034248563,2.2130558013916017,5.161973533034325,0.05804681032896042,"Aroldis Chapman",10233,547973
"Anthony Nunez","BAL",0,0,0,1,0,2,13.5,0,0,0,1,0.333333333,0,97.33046468098958,0,0.42764704688286054,0.21305580139160174,0.9502852343022825,0.05653887987136841,"Anthony Nunez",25796,689296
"Dylan Lee","ATL",0,0,0,2,0,2,9,0,0,0.2,1,0,0,91.54328002929688,0,2.433675899205116,1.2130558013916017,4.161973533034325,0.056108616292476654,"Dylan Lee",19996,669276
"J.T. Ginn","ATH",0,0,0,1,0,3.2,4.909091760304496,2.454545880152248,0,0.1111111111111111,1,0.555555555,0,94.31716918945312,0,1.079274444742094,2.940328481374685,4.548829341177254,0.055773403495550156,"J.T. Ginn",27889,669372
"Michael King","SDP",0,0,0,1,1,5,10.8,7.2,0,0.1111111111111111,0.83333333,0.444444444,0,94.2319091796875,0,4.057715788311717,3.813055801391602,4.992622894048691,0.05439683049917221,"Michael King",19853,650633
"Kyle Freeland","COL",0,1,0,1,1,4.1,4.153846458570514,4.153846458570514,0,0.3125,0.75,0.4375,0,92.07147771661931,4.153846458570514,5.246452010612748,4.366902039883411,6.068200856022289,0.05394413694739342,"Kyle Freeland",16256,607536
"Osvaldo Bido","ATL",1,0,0,1,0,1,27,0,0,0,1,0,0,93.5477523803711,0,0,-2.7869441986083983,-2.7869441986083983,0.053357068449258804,"Osvaldo Bido",23150,674370
"Tim Mayza","PHI",0,0,0,2,0,4,9,2.25,0,0.1111111111111111,1,0.555555555,0,,0,0.9926162338801335,1.9630558013916017,3.068899950757623,0.05136968195438385,"Tim Mayza",15042,641835
"Shota Imanaga","CHC",0,1,0,1,1,5,12.6,3.6,1.8,0.4166666666666667,0.60606061,0.23076923,0.2,92.0285880796371,7.2,5.578053533471341,4.213055801391602,3.087514667212963,0.05128910765051842,"Shota Imanaga",33829,684007
"Robbie Ray","SFG",0,1,0,1,1,5.1,6.750000402331376,0,1.687500100582844,0.25,0.83333333,0.352941176,0.125,94.21449346127717,3.375000201165688,3.298433973639548,4.15055585727096,3.9247441425435747,0.04922264441847801,"Robbie Ray",11486,592662
"Justin Wrobleski","LAD",0,0,0,1,0,4,4.5,2.25,0,0.2857142857142857,0.4,0.23076923,0,94.2890094259511,6.75,3.591657802125065,2.9630558013916017,4.806129383668304,0.048484694212675095,"Justin Wrobleski",31204,680736
"Grant Wolfram","BAL",0,0,0,1,0,1,18,0,0,0.5,1,0,0,94.50189971923828,0,6.057528857021466,-0.7869441986083983,0.6875146672129633,0.04846164584159851,"Grant Wolfram",21623,664991
"Tommy Nance","TOR",0,0,0,2,0,2,9.00000429153647,0,0,0.2,1,0.8,0,,0,1.7236385254415658,1.2130548477168306,1.2130548477168306,0.04794710874557495,"Tommy Nance",19178,667297
"Matt Brash","SEA",1,0,0,2,0,2,4.5,0,0,0.2857142857142857,1,0.285714285,0,96.86509704589844,0,10.55230454176289,2.2130558013916017,2.9502852343022825,0.047653261572122574,"Matt Brash",25756,666374
"Jared Koenig","MIL",0,0,0,1,0,1,27,0,0,0,1,0,0,96.08489990234375,0,0,-2.7869441986083983,-2.7869441986083983,0.046621859073638916,"Jared Koenig",27517,657649
"Calvin Faucher","MIA",1,0,0,1,0,1,9,0,0,0.3333333333333333,1,0.666666666,0,,0,2.387431632720265,1.2130558013916017,2.6875146672129633,0.04625186696648598,"Calvin Faucher",20116,676534
"Daniel Lynch IV","KCR",0,0,0,1,0,1,9,0,0,0,1,0.5,0,,0,0.16761443067837642,1.2130558013916017,2.6875146672129633,0.04556797072291374,"Daniel Lynch IV",21537,663738
"Grant Anderson","MIL",0,0,0,2,0,3,12,3,0,0.16666666666666666,1,0.666666666,0,92.2735262784091,0,1.927344854186743,1.5463891347249354,2.037875423332056,0.04549979418516159,"Grant Anderson",20546,681982
"Jordan Romano","LAA",0,0,1,2,0,2,13.5,4.5,0,0,1,0.333333333,0,94.4520263671875,0,1.9176884216528893,1.7130558013916017,3.1875146672129633,0.04505026340484619,"Jordan Romano",16122,605447
"Taylor Rogers","MIN",0,0,0,2,0,2,9,0,0,0.2,1,0,0,,0,1.109741357027533,1.2130558013916017,4.161973533034325,0.04464384913444519,"Taylor Rogers",13449,573124
"Bradgley Rodriguez","SDP",0,0,0,1,0,2,13.5,0,0,0,1,0.333333333,0,98.46302795410156,0,0.2366484672595287,0.21305580139160174,1.6875146672129633,0.044204238802194595,"Bradgley Rodriguez",29107,699134
"JoJo Romero","STL",0,0,0,2,0,1.2,5.400002059937309,0,0,0.3333333333333333,1,0.833333333,0,94.95144653320312,0,7.375630706147055,2.013055343627755,2.013055343627755,0.04301956668496132,"JoJo Romero",19574,668941
"Cole Winn","TEX",0,0,0,2,0,1.2,10.800004119874618,5.400002059937309,0,0.25,1,0.5,0,93.73729112413194,0,3.566946443220491,2.6130555725096785,3.4977312294794762,0.042667414993047714,"Cole Winn",22113,668390
"Nick Mears","KCR",0,0,0,1,0,1,9,0,0,0.5,1,1,0,95.8125508626302,0,0.7214827798244217,1.2130558013916017,1.2130558013916017,0.041277557611465454,"Nick Mears",25376,683232
"Anthony Bender","MIA",0,0,0,1,0,0.1,27.000028163224034,0,0,1,1,0,0,,0,5.615110998514926,-2.7869504571026273,-2.7869504571026273,0.040647778660058975,"Anthony Bender",19742,669622
"Matthew Boyd","CHC",0,1,0,1,1,3.2,17.181821161065738,2.454545880152248,2.454545880152248,0.625,0.17857143,0.222222222,0.2,93.43055361793155,14.727275280913489,13.61472148652278,3.7585104414254347,2.2236813559587314,0.04023878648877144,"Matthew Boyd",15440,571510
"Jack Flaherty","DET",0,1,0,1,1,4.1,4.153846458570514,8.307692917141027,0,0.26666666666666666,0.625,0.266666666,0,93.93834597565407,4.153846458570514,13.200243836317677,5.059209782978497,7.10076836234515,0.03891688212752342,"Jack Flaherty",17479,656427
"Gus Varland","WSN",0,0,0,1,0,1.1,6.750001609325793,0,0,0,1,0.333333333,0,96.38417053222656,0,0.09307357435329096,1.7130554437636478,3.9247442698033974,0.03863824903964996,"Gus Varland",24737,681402
"Blake Treinen","LAD",0,0,0,1,0,1,9,0,0,0.3333333333333333,1,0.333333333,0,95.80419921875,0,1.2348086045183913,1.2130558013916017,4.161973533034325,0.038335636258125305,"Blake Treinen",12572,595014
"Kyle Leahy","STL",0,1,0,1,1,5,1.8,3.6,0,0.38095238095238093,0.6,0.523809523,0,94.5760967548077,7.2,8.715018722602691,4.013055801391602,5.487514667212963,0.03753646835684776,"Kyle Leahy",24763,681517
"Kevin Ginkel","ARI",0,1,0,2,0,2,4.5,0,0,0.2857142857142857,0.5,0.571428571,0,94.16637369791667,4.5,4.681074910709641,2.2130558013916017,3.6875146672129633,0.03626437485218048,"Kevin Ginkel",19876,656464
"Abner Uribe","MIL",0,0,0,1,0,1,18,0,0,0,1,1,0,,0,0.3472187645279137,-0.7869441986083983,-0.7869441986083983,0.03608189895749092,"Abner Uribe",25327,682842
"Sam Moll","CIN",0,0,0,2,0,2,4.5,0,0,0,1,0.6,0,92.81245422363281,0,2.684375001395914,3.7130558013916017,5.187514667212963,0.035503145307302475,"Sam Moll",14874,594580
"JT Brubaker","SFG",0,0,0,2,0,2.1,7.714286765273879,3.8571433826369397,0,0.2,1,0.4,0,,0,2.495745206438718,2.7844843144319418,4.048306371603771,0.03524652495980263,"JT Brubaker",17578,664141
"Grant Taylor","CHW",0,0,0,2,0,2,18,9,0,0.6,0.8,0.4,0,98.84505859375,4.5,2.398255093301191,2.2130558013916017,3.6875146672129633,0.03306165710091591,"Grant Taylor",33927,691799
"Luis García","NYM",0,0,0,2,0,2,9,4.5,0,0.5555555555555556,0.5,0.333333333,0,,9,6.283655079417303,2.7130558013916017,5.661973533034325,0.03283243998885155,"Luis Garcia",6984,472610
"Chad Patrick","MIL",0,0,0,1,1,4.1,8.307692917141027,2.076923229285257,2.076923229285257,0.3076923076923077,1,0.285714285,0.142857142,94.00238715277777,2.076923229285257,3.4259450866465997,5.059209782978497,4.441027905494221,0.032656606286764145,"Chad Patrick",30113,694477
"Lake Bachar","MIA",0,0,0,1,0,3,9,3,0,0.14285714285714285,0.5,0.571428571,0,94.81199815538194,3,0.7239854481244244,2.213055801391602,3.196028378605843,0.03200825676321983,"Lake Bachar",19222,669199
"Mason Montgomery","PIT",0,0,0,2,0,2.1,19.2857169131847,11.571430147910819,0,0.6,0.66666667,0.4,0,98.88840134079392,7.714286765273879,5.671188691579017,2.7844843144319418,4.048306371603771,0.030629049986600876,"Mason Montgomery",29770,682254
"Chris Martin","TEX",1,0,0,2,0,0.2,13.500014081612017,0,0,0.6666666666666666,0.5,0,0,94.8037841796875,0,10.584182948251339,0.21305267214448742,0.21305267214448742,0.030590642243623734,"Chris Martin",11847,455119
"Taijuan Walker","PHI",0,1,0,1,1,4.2,3.8571433826369397,5.7857150739554095,0,0.4166666666666667,0.46153846,0.625,0,91.94378051757812,11.571430147910819,6.096671874625212,4.284484518790752,5.232351061669624,0.03046322986483574,"Taijuan Walker",11836,592836
"Dennis Santana","PIT",1,0,0,3,0,3,6,6,0,0,1,0.333333333,0,93.78023952907986,0,3.589859555043271,3.8797224680582687,4.86269504527251,0.030081799253821373,"Dennis Santana",17878,642701
"Tyler Kinley","ATL",0,0,0,1,0,1,9,0,0,0,1,0.5,0,94.62240600585938,0,0.17104936720873626,1.2130558013916017,2.6875146672129633,0.02966395393013954,"Tyler Kinley",18297,641755
"Zach Agnos","COL",0,0,0,1,0,1.1,13.500003218651585,6.750001609325793,0,0,1,1,0,95.25654602050781,0,1.925735844852368,2.463055622577625,2.463055622577625,0.02928299270570278,"Zach Agnos",31552,688642
"Robert Suarez","ATL",0,0,0,2,0,2,4.5,0,0,0.375,1,0.625,0,98.99423057154605,0,7.046110249894232,2.2130558013916017,2.2130558013916017,0.028264574706554413,"Robert Suarez",30115,663158
"Mason Fluharty","TOR",0,0,0,2,0,0.1,27.000028163224034,0,0,1,0,1,0,92.4697036743164,54.00005632644807,0.7445961661805506,-2.7869504571026273,-2.7869504571026273,0.028178811073303223,"Mason Fluharty",31553,689254
"Jovani Morán","BOS",0,0,0,1,0,2,9,4.5,0,0.2,1,0.4,0,92.37829034978694,0,4.351345010081955,2.7130558013916017,4.187514667212963,0.027977773919701576,"Jovani Moran",20422,663558
"Tyler Phillips","MIA",0,0,0,1,0,2,9,0,0,0.2,1,0.2,0,,0,2.190386915855192,2.7130558013916017,4.187514667212963,0.027680693194270134,"Tyler Phillips",20629,663969
"Fernando Cruz","NYY",0,0,0,2,0,1.1,13.500014081612017,6.750007040806008,0,0,1,0.5,0,93.87481689453125,0,1.2791472763596432,2.4630550190798237,3.5689003219323827,0.02632778137922287,"Fernando Cruz",7048,518585
"Jonathan Bowlan","PHI",0,0,0,2,0,2.1,3.8571433826369397,0,0,0.4444444444444444,0.5,0.444444444,0,97.9847412109375,7.714286765273879,1.6739670185699063,2.355912827472282,4.88355694181594,0.02567976340651512,"Jonathan Bowlan",24607,680742
"Cole Wilcox","SEA",0,0,0,1,0,1,9,0,0,0,1,0.5,0,96.6864013671875,0,0.013380873137306178,1.2130558013916017,2.6875146672129633,0.024708637967705727,"Cole Wilcox",27481,677961
"Paul Sewald","ARI",0,0,1,2,0,1.1,6.750001609325793,0,0,0,1,0,0,92.1632412997159,0,3.280519419969032,1.7130554437636478,5.030588682823272,0.02466617524623871,"Paul Sewald",13892,623149
"George Soriano","STL",0,0,0,2,0,3,0,3,0,0.1,1,0.5,0,96.7575927734375,0,1.1552802348900755,4.213055801391603,6.670487244427205,0.02402489073574543,"George Soriano",21863,666277
"Elvis Alvarado","ATH",0,0,0,2,0,2,13.5,9,0,0.4,0.5,0.6,0,97.94796752929688,9,5.86247376980356,3.2130558013916017,4.687514667212963,0.02336793765425682,"Elvis Alvarado",21662,665660
"Aaron Ashby","MIL",1,0,0,3,0,4.2,17.35714522186623,3.8571433826369397,1.9285716913184698,0.2,1,0.5,0.5,96.74287414550781,1.9285716913184698,3.562539389235471,3.4273415448714317,1.2735379082195566,0.023044239729642868,"Aaron Ashby",23550,676879
"Justin Slaten","BOS",0,1,0,2,0,1.1,20.250004827977378,13.500003218651585,0,0.5,0.66666667,0,0,96.69472045898438,0,5.162021544468091,3.2130558013916017,4.318900214411476,0.022281093522906303,"Justin Slaten",25648,686580
"Cole Sulser","TBR",0,0,0,1,0,2,9,4.5,0,0.2857142857142857,0.33333333,0.166666666,0,92.44425142728366,4.5,7.314315932208204,2.7130558013916017,6.399202965945006,0.02224976010620594,"Cole Sulser",15256,642121
"Foster Griffin","WSN",1,0,0,1,1,5,9,0,1.8,0.2857142857142857,0.86956522,0.2,0.166666666,92.88666848575367,3.6,6.477224881356961,4.413055801391602,3.5824064403772358,0.021678032353520393,"Foster Griffin",16432,656492
"Pierce Johnson","CIN",0,1,0,3,0,1.2,0,0,0,0.4444444444444444,0.75,0.125,0,95.01035853794643,5.400005536085082,13.531244179615141,3.2130558013916017,8.521113160168325,0.021480347961187363,"Pierce Johnson",13435,572955
"Alex Vesia","LAD",0,0,0,2,0,2,0,0,0,0.14285714285714285,1,0.285714285,0,91.94541579026442,0,1.9254479969657394,3.2130558013916017,5.424744100123644,0.021242965012788773,"Alex Vesia",25007,681911
"Kai-Wei Teng","HOU",1,0,0,1,0,2.1,7.714286765273879,3.8571433826369397,0,0.16666666666666666,1,0.333333333,0,94.50231323242187,0,2.0693521820505456,2.7844843144319418,4.680217400189686,0.02122657001018524,"Kai-Wei Teng",24282,678906
"Raisel Iglesias","ATL",0,0,0,1,0,1,0,0,0,0,1,0.666666666,0,94.36287689208984,0,0.7613307687098487,3.2130558013916017,4.687514667212963,0.020682526752352715,"Raisel Iglesias",17130,628452
"Cole Sands","MIN",0,0,1,1,0,1,18,9,0,0,1,1,0,94.20111955915179,0,1.681771148331145,2.2130558013916017,2.2130558013916017,0.01981576904654503,"Cole Sands",21461,663485
"John King","MIA",0,0,0,2,0,2,9,4.5,0,0,1,0.25,0,90.79140218098958,0,1.7277203480009866,2.7130558013916017,4.187514667212963,0.019643839448690414,"John King",22051,667463
"Jose Franco","CIN",0,0,0,1,0,1.2,0,0,0,0.42857142857142855,1,0.428571428,0,95.34009467230902,0,3.7971157037098835,3.2130558013916017,4.982407115331197,0.01930602453649044,"Jose Franco",27014,683742
"Kyle Finnegan","DET",0,0,0,2,0,1.1,13.500003218651585,6.750001609325793,0,0,1,0,0,96.56692708333334,0,1.1572931106210997,2.463055622577625,4.674744448617375,0.019121279940009117,"Kyle Finnegan",15009,640448
"Will Vest","DET",0,0,0,2,0,1.1,6.750001609325793,0,0,0,1,0.666666666,0,96.237548828125,0,1.1141442185047983,1.7130554437636478,1.7130554437636478,0.01855665259063244,"Will Vest",19769,676684
"Daniel Palencia","CHC",0,0,0,1,0,1,9,0,0,0.6666666666666666,1,0.333333333,0,99.62625122070312,0,18.470343698568303,1.2130558013916017,4.161973533034325,0.017019912600517273,"Daniel Palencia",27914,694037
"Nolan McLean","NYM",0,0,0,1,1,5,14.4,3.6,1.8,0.3,0.89285714,0.363636363,0.25,97.6397705078125,3.6,3.009626787704181,4.413055801391602,2.992622894048691,0.016994884237647057,"Nolan McLean",33703,690997
"Cade Horton","CHC",1,0,0,1,1,6.1,5.684210811625571,1.4210527029063929,1.4210527029063929,0.1875,0.83333333,0.588235294,0.333333333,,2.8421054058127857,3.6266051186303447,4.476213759530618,3.1220099964212973,0.016416702419519424,"Cade Horton",31872,690990
"Brent Suter","LAA",0,0,0,1,0,2,9,4.5,0,0,1,0.666666666,0,,0,1.5809559915853881,2.7130558013916017,3.4502852343022825,0.01608148030936718,"Brent Suter",13942,608718
"Peyton Pallette","CLE",0,0,0,2,0,3.2,7.363637640456744,2.454545880152248,0,0.2,0.75,0.1,0,95.58680380544355,2.454545880152248,4.603008849718184,3.2130558013916017,5.223681876144813,0.015982013195753098,"Peyton Pallette",31865,688883
"Brad Keller","PHI",0,0,0,1,0,1,9,0,0,0,1,1,0,,0,3.6629475478721893,1.2130558013916017,1.2130558013916017,0.015904556959867477,"Brad Keller",15734,641745
"Alex Lange","KCR",0,0,0,1,0,1,9,0,0,0,1,1,0,94.79875183105469,0,0.7546143400513116,1.2130558013916017,1.2130558013916017,0.01586752012372017,"Alex Lange",19883,656638
"Mason Miller","SDP",0,0,1,1,0,1,18,9,0,0,1,0,0,101.66821967230902,0,1.3895700829971274,2.2130558013916017,3.6875146672129633,0.01544276438653469,"Mason Miller",31757,695243
"Caleb Kilian","SFG",0,0,0,1,0,1,9,0,0,0,1,1,0,98.61683146158855,0,0.3131379479715663,1.2130558013916017,1.2130558013916017,0.014815115369856358,"Caleb Kilian",26213,668873
"Shane Smith","CHW",0,1,0,1,1,1.2,10.800004119874618,10.800004119874618,0,0.42857142857142855,0.2,0.5,0,96.09967041015625,16.20000617981193,4.673498135866141,4.413056259155448,7.067083230064842,0.014683368615806103,"Shane Smith",31687,681343
"Casey Legumina","SEA",0,0,0,2,0,2,13.5,4.5,0,0.4,1,0.4,0,93.9161441200658,0,7.4234166668607005,3.2130558013916017,4.687514667212963,0.014525020495057106,"Casey Legumina",25921,668984
"Jeff Hoffman","TOR",1,0,1,2,0,2,27,0,4.5,0.5,1,0.666666666,1,97.17913818359375,4.5,3.045803766831743,3.7130558013916017,-2.0497147656977175,0.014292927458882332,"Jeff Hoffman",17432,656546
"AJ Blubaugh","HOU",1,1,0,2,0,4.1,10.384616146426286,0,2.076923229285257,0.1111111111111111,1,0.2,0.125,96.42705078125,2.076923229285257,1.0315501217729837,3.905363544486687,3.627441430230187,0.013333679176867008,"AJ Blubaugh",31764,805123
"Enmanuel De Jesus","DET",1,0,0,2,0,2,13.5,9,0,0.5,0.5,0.375,0,94.13965521918402,13.5,3.2177746457765553,3.2130558013916017,6.161973533034325,0.01309678703546524,"Enmanuel De Jesus",18554,646241
"Cole Henry","WSN",0,0,0,2,0,2,9,4.5,0,0.2,1,0.2,0,94.30765206473214,0,1.1812483709498456,2.7130558013916017,5.661973533034325,0.012364072725176811,"Cole Henry",27570,669371
"Sonny Gray","BOS",0,0,0,1,1,4,11.25,2.25,2.25,0.38461538461538464,0.53571429,0.714285714,0.333333333,92.3542646928267,6.75,9.374683751955146,4.713055801391602,2.568899950757623,0.012135119177401066,"Sonny Gray",12768,543243
"Sam Bachman","LAA",0,0,0,2,0,3,15,12,0,0,1,0.25,0,,0,6.37793689488051,3.8797224680582687,4.371208756665389,0.011511038057506084,"Sam Bachman",29754,696147
"Lucas Erceg","KCR",0,0,1,2,0,2,4.5,4.5,0,0.4,1,1,0,98.94131469726562,0,2.597396067407973,3.7130558013916017,3.7130558013916017,0.00939102191478014,"Lucas Erceg",19360,668674
"Jose A. Ferrer","SEA",0,0,0,2,0,1,0,0,0,0.42857142857142855,0.66666667,0.571428571,0,,0,3.512855929509844,3.2130558013916017,6.161976696883209,0.009313047863543034,"Jose A. Ferrer",24017,678606
"Brennan Bernardino","COL",0,0,0,2,0,1,0,0,0,0.25,1,0.5,0,,0,5.8187640330759365,3.2130558013916017,4.687516249137405,0.009203348308801651,"Brennan Bernardino",16835,657514
"Simeon Woods Richardson","MIN",0,1,0,1,1,5,3.6,1.8,1.8,0.25,0.86956522,0.294117647,0.1,92.64423828125,3.6,2.6507168829659102,5.613055801391601,5.961973533034325,0.00916038267314434,"Simeon Woods Richardson",24494,680573
"Caleb Thielbar","CHC",0,0,0,1,0,1,9,9,0,0,1,0,0,93.64327239990234,0,1.4354146324159032,4.213055801391602,7.161973533034325,0.009094664826989174,"Caleb Thielbar",10078,573204
"Isaac Mattson","PIT",0,0,0,3,0,2.2,13.500003218651585,10.125002413988689,0,0.42857142857142855,0.66666667,0.285714285,0,94.52096737132354,6.750001609325793,4.944623064582596,3.58805589079859,5.79974471683834,0.00879595149308443,"Isaac Mattson",20385,676755
"David Morgan","SDP",0,0,0,3,0,4,6.75,6.75,0,0.25,1,0.583333333,0,97.90011935763889,0,3.172225828481443,3.9630558013916017,5.437514667212963,0.008139542303979397,"David Morgan",31616,688158
"Brock Burke","CIN",1,0,0,2,0,1.2,0,5.400002059937309,0,0.3333333333333333,1,0.5,0,96.01431477864584,0,29.373077483788368,5.013056488037371,6.782407801976968,0.007819649763405323,"Brock Burke",17968,656271
"Ryne Stanek","STL",1,0,1,2,0,2.1,11.571430147910819,11.571430147910819,0,0.5,0.66666667,0.5,0,98.45537109375,3.8571433826369397,5.55877326949666,4.498770262270582,5.762592319442411,0.006972962990403175,"Ryne Stanek",15947,592773
"Tatsuya Imai","HOU",0,0,0,1,1,2.2,13.500003218651585,13.500003218651585,0,0.42857142857142855,0.42857143,0.571428571,0,95.46906672297297,13.500003218651585,5.722235696322493,4.713056159019556,5.265978365529493,0.006619956810027361,"Tatsuya Imai",37124,837227
"Rhett Lowder","CIN",0,0,0,1,1,5,9,3.6,1.8,0.16666666666666666,0.83333333,0.384615384,0.142857142,93.91542561848958,3.6,2.510646163194882,5.013055801391602,4.477298213541507,0.006556855980306864,"Rhett Lowder",33876,695076
"José Alvarado","PHI",0,0,0,2,0,1.1,20.250004827977378,13.500003218651585,0,0.8,0.33333333,0.2,0,96.81520080566406,27.00000643730317,6.108580112144497,3.2130558013916017,4.318900214411476,0.0060426476411521435,"Jose Alvarado",17780,621237
"Mark Leiter Jr.","ATH",0,0,0,2,0,1.2,0,0,0,0.42857142857142855,0.75,0.571428571,0,92.28614807128906,5.400002059937309,7.429962538052542,5.013056488037371,5.897732145007169,0.005977916996926069,"Mark Leiter Jr.",15551,643410
"Tim Herrin","CLE",0,0,0,1,0,0.2,0,0,0,0.5,1,0.75,0,94.03459930419922,0,1.987344362201225,3.213055801391602,3.213055801391602,0.005900087766349316,"Tim Herrin",25139,682120
"Tanner Banks","PHI",0,0,0,1,0,1,0,0,0,0.3333333333333333,1,0.666666666,0,91.84750366210938,0,3.7422608669603674,3.2130558013916017,4.687514667212963,0.005882932338863611,"Tanner Banks",16990,621383
"Yoendrys Gómez","TBR",0,0,0,1,0,2,4.5,4.5,0,0.2857142857142857,1,0.285714285,0,95.0748779296875,0,4.673189220713015,3.7130558013916017,5.924744100123644,0.005643181502819061,"Yoendrys Gomez",22872,672782
"Hunter Harvey","CHC",0,0,0,1,0,1,0,0,0,0.25,1,0.5,0,97.39117431640625,0,0.9289078421996755,3.2130558013916017,6.161973533034325,0.005341875366866589,"Hunter Harvey",15507,640451
"Grant Holmes","ATL",0,1,0,1,1,5,7.2,3.6,1.8,0.26666666666666666,0.71428571,0.3125,0.125,94.22517533735795,5.4,2.171361270089787,5.413055801391602,5.17218998670578,0.005153450649231672,"Grant Holmes",16944,656550
"Drew Rasmussen","TBR",0,0,0,1,1,5,3.6,0,1.8,0.17647058823529413,1,0.611111111,0.2,95.78805409307066,1.8,2.851284410302679,5.013055801391602,3.8875146672129635,0.004624013788998127,"Drew Rasmussen",25385,656876
"Jacob Lopez","ATH",0,1,0,1,1,4,0,11.25,0,0.29411764705882354,0.7,0.411764705,0,89.91777692522321,6.75,4.275020842269747,6.963055801391602,9.543358816578984,0.004485349170863628,"Jacob Lopez",25098,682052
"Matt Gage","SFG",0,0,0,3,0,3,3,3,0,0,1,0.857142857,0,92.90134102957589,0,2.033990529122798,3.5463891347249357,4.037875423332056,0.0033703669905662537,"Matt Gage",17381,657424
"Dylan Moore","PHI",0,0,0,1,0,0.2,0,0,0,0.3333333333333333,1,0.666666666,0,73.13404846191406,0,9.963636525516145,3.213055801391602,3.213055801391602,0.0023679768200963736,"Dylan Moore",18042,664238
"Shaun Anderson","LAA",0,0,0,1,0,3,3,6,0,0.125,0.66666667,0.625,0,93.19815499441964,3,3.2194784756356554,4.546389134724936,5.037875423332056,0.0019600887317210436,"Shaun Anderson",19453,641312
"Yusei Kikuchi","LAA",0,0,0,1,1,4.1,6.230769687855771,2.076923229285257,2.076923229285257,0.4117647058823529,0.92105263,0.444444444,0.166666666,95.16936178768383,4.153846458570514,5.614777538585254,5.520748278375221,4.562306637663169,0.0017116385279223323,"Yusei Kikuchi",20633,579328
"DL Hall","MIL",0,0,0,2,0,2,18,13.5,0,0.5,1,1,0,94.14620208740234,0,4.616181352434445,3.7130558013916017,3.7130558013916017,0.0014291709521785378,"DL Hall",22207,669084
"Eury Pérez","MIA",0,0,0,1,1,7,10.285714285714286,1.2857142857142858,2.5714285714285716,0.1875,0.9375,0.222222222,0.181818181,97.80778751816861,3.857142857142857,5.337446546764237,5.0701986585344585,3.6729197333965984,0.0013973669847473502,"Eury Perez",27768,691587
"Jose Quintana","COL",0,0,0,1,1,4.1,4.153846458570514,8.307692917141027,0,0.3076923076923077,0.75,0.25,0,89.96430495689656,4.153846458570514,6.167748079017457,5.059209782978497,7.781287888800701,-0.0004591848701238632,"Jose Quintana",11423,500779
"Joe Ross","ARI",0,0,0,2,0,1.2,5.400002059937309,5.400002059937309,0,0.5555555555555556,0,0.444444444,0,95.41410064697266,32.40001235962386,12.588950813378858,3.813056030273525,6.467083001182919,-0.001518960460089147,"Joe Ross",12972,605452
"Matt Svanson","STL",0,0,0,3,0,3,9.000002861023859,9.000002861023859,0,0.5,0.4,0.333333333,0,,18.000005722047717,6.490009782366894,5.213056437174681,7.179002216560496,-0.0021004232112318277,"Matt Svanson",29629,694335
"Tobias Myers","NYM",0,0,0,2,0,4.1,8.307692917141027,0,2.076923229285257,0,1,0.4,0.166666666,92.46207004123264,2.076923229285257,0.6012583095619988,4.366902039883411,3.40846039917136,-0.0026279189623892307,"Tobias Myers",22191,668964
"Erik Miller","SFG",0,0,0,2,0,1.2,5.400002059937309,5.400002059937309,0,0.2,1,0.8,0,96.98367919921876,0,5.008973272493287,3.813056030273525,3.813056030273525,-0.0027686001267284155,"Erik Miller",26252,669062
"Tony Santillan","CIN",0,0,0,2,0,2,22.5,18,0,1,1,0,0,93.9014559659091,0,5.514395794624135,4.213055801391602,4.213055801391602,-0.0031320536509156227,"Tony Santillan",19926,663574
"Davis Martin","CHW",1,0,0,1,1,5,10.8,3.6,1.8,0.36363636363636365,0.75757576,0.25,0.166666666,92.52518310546876,5.4,7.352607595073408,5.213055801391602,4.382406440377236,-0.0033156343270093203,"Davis Martin",21448,663436
"Danny Coulombe","BOS",0,0,0,1,0,0.2,13.500014081612017,13.500014081612017,0,0.5,1,0,0,90.40464782714844,0,7.58587367446824,4.71305736601516,6.924747971720278,-0.003939791116863489,"Danny Coulombe",13293,543056
"Matt Pushard","STL",0,0,0,1,0,1,9,9,0,0.6,0.25,0.2,0,94.91879708426339,27,7.715631421100414,4.213055801391602,8.636432398855685,-0.004032468423247337,"Matt Pushard",31870,690155
"Robert Garcia","TEX",0,0,0,2,0,1.2,10.800004119874618,10.800004119874618,0,0.3333333333333333,0.33333333,0.666666666,0,94.05316631610577,0,6.196716909674796,4.413056259155448,5.297731916125246,-0.005275811534374952,"Robert Garcia",23363,676395
"Ian Seymour","TBR",0,0,0,2,0,0.2,13.500014081612017,0,0,0.8333333333333334,0.16666667,0.166666666,0,91.83875732421875,67.50007040806008,13.560312668080782,4.71305736601516,9.136438577425396,-0.0056256260722875595,"Ian Seymour",27932,693855
"George Kirby","SEA",1,0,0,1,1,6,9,3,1.5,0.08333333333333333,1,0.615384615,0.25,96.1627227038872,1.5,3.0226477760159685,4.879722468058269,3.696028378605843,-0.005696053616702557,"George Kirby",25436,669923
"Ben Casparius","LAD",0,0,0,1,0,0.2,13.500014081612017,13.500014081612017,0,0.5,1,0,0,95.84370561079545,0,7.480597925197945,4.71305736601516,6.924747971720278,-0.005878787487745285,"Ben Casparius",30085,676508
"Chris Murphy","CHW",0,0,0,2,0,1.1,13.500003218651585,13.500003218651585,0,0.6,0.2,0.8,0,96.748779296875,27.00000643730317,6.6844900891542745,4.713056159019556,4.713056159019556,-0.006189797539263964,"Chris Murphy",26214,669684
"Justin Bruihl","STL",0,0,0,2,0,2.1,7.714286765273879,7.714286765273879,0,0.2857142857142857,0.5,0.714285714,0,91.84965515136719,7.714286765273879,3.91034088706989,4.070198775310922,4.702109803896836,-0.008074484765529633,"Justin Bruihl",23779,677865
"Bryan Hudson","CHW",0,0,0,1,0,0.2,27.000028163224034,27.000028163224034,0,1,0.75,1,0,91.55768694196429,13.500014081612017,4.610979410179845,6.2130589306387165,6.2130589306387165,-0.008625366725027561,"Bryan Hudson",19924,663542
"Anthony Banda","MIN",1,0,0,2,0,1.1,13.500014081612017,6.750007040806008,0,0,1,1,0,93.3855692545573,0,3.917486777723133,4.71305736601516,4.71305736601516,-0.009023392572999,"Anthony Banda",14706,607455
"Phil Maton","CHC",0,0,0,2,0,1.2,10.800004119874618,5.400002059937309,0,0,1,0.333333333,0,,0,3.9758337680697875,4.413056259155448,5.297731916125246,-0.009852985851466656,"Phil Maton",18064,664208
"PJ Poulin","WSN",0,0,0,2,0,1.2,5.400002059937309,10.800004119874618,0,0.2,1,0.2,0,90.10033307756696,0,5.244989920229372,5.613056716919295,8.267083687828688,-0.010233626700937748,"PJ Poulin",23394,676571
"Ryan Thompson","ARI",0,0,0,3,0,2,4.5,9,0,0.16666666666666666,1,0.5,0,91.27954864501953,0,5.356925239091908,5.213055801391602,6.687514667212963,-0.01105226669460535,"Ryan Thompson",16647,657044
"Ryan Watson","BOS",0,0,0,1,0,2.1,3.8571433826369397,11.571430147910819,0,0,1,0.5,0,93.997412109375,0,3.8150083495376617,6.2130562101092215,8.108789295866966,-0.011104260571300983,"Ryan Watson",27853,670245
"Richard Lovelady","NYM",1,1,0,2,0,2,9,9,0,0.5714285714285714,0.5,0.571428571,0,92.24625466086648,4.5,7.838365972727431,4.213055801391602,4.9502852343022825,-0.012276186607778072,"Richard Lovelady",19337,663992
"Cooper Criswell","SEA",0,0,1,2,0,4,13.5,2.25,2.25,0.3333333333333333,1,0.285714285,0.333333333,,2.25,6.713282277056317,4.213055801391602,2.068899950757623,-0.012349563650786877,"Cooper Criswell",24975,681867
"Sean Manaea","NYM",0,0,0,1,0,1.1,13.500003218651585,13.500003218651585,0,0.3333333333333333,1,0.666666666,0,89.50938415527344,0,8.558081130069793,4.713056159019556,4.713056159019556,-0.012724261730909348,"Sean Manaea",15873,640455
"Emmet Sheehan","LAD",0,0,0,1,1,3.1,16.20000154495254,5.40000051498418,2.70000025749209,0.5714285714285714,0.53571429,0,0.25,94.41795518663194,10.80000102996836,6.083301037281115,5.313056001663227,3.182406437454285,-0.013242178596556187,"Emmet Sheehan",29839,686218
"Luis Medina","ATH",0,1,0,1,0,0.1,27.000028163224034,27.000028163224034,0,1,0.5,0,0,98.53232828776042,0,9.873566455996423,6.2130589306387165,6.2130589306387165,-0.013380729593336582,"Luis Medina",21649,665622
"Kris Bubic","KCR",1,0,0,1,1,6,6,4.5,1.5,0.07142857142857142,1,0.333333333,0.111111111,92.04420753761575,1.5,4.680209840902052,5.546389134724936,5.591410766790311,-0.014048912562429905,"Kris Bubic",21455,663460
"Jack Kochanowicz","LAA",0,0,0,1,1,4,6.75,11.25,0,0.2857142857142857,0.33333333,0.571428571,0,96.12674967447917,11.25,5.532667284198566,5.463055801391602,6.937514667212963,-0.014158337377011776,"Jack Kochanowicz",27688,686799
"Mick Abel","MIN",0,1,0,1,0,3.1,10.80000102996836,10.80000102996836,0,0.6666666666666666,0.58333333,0.166666666,0,95.97245279947917,13.50000128746045,11.51108546758585,4.4130559158325315,6.182406723556607,-0.014459026046097279,"Mick Abel",27756,690953
"Chris Bassitt","BAL",0,1,0,1,1,4.1,6.230769687855771,8.307692917141027,0,0.35294117647058826,0.63636364,0.470588235,0,91.36056954520089,8.307692917141027,5.73815902583431,5.289979030676859,6.991277846815736,-0.015514505095779896,"Chris Bassitt",12304,605135
"Andre Granillo","WSN",0,0,0,1,0,0.2,0,13.500014081612017,0,0.3333333333333333,0,0,0,94.49851684570312,27.000028163224034,24.206824930533028,7.713060495262274,9.924751100967393,-0.017047908157110214,"Andre Granillo",29542,701552
"Kyle Bradish","BAL",0,1,0,1,1,4.2,7.714286765273879,5.7857150739554095,1.9285716913184698,0.09090909090909091,0.55555556,0.416666666,0.142857142,,3.8571433826369397,2.470341130935373,6.2130562101092215,5.639030144922133,-0.02049155905842781,"Kyle Bradish",24586,680694
"Ron Marinaccio","SDP",0,0,0,2,0,4,9,0,2.25,0.2,0.625,0.727272727,0.333333333,93.51231260557432,4.5,2.1155027715547274,4.463055801391602,2.318899950757623,-0.020525630563497543,"Ron Marinaccio",23488,676760
"Jake Woodford","MIL",1,0,0,2,0,3,12,0,3,0.2,1,0.333333333,0.333333333,93.49569702148438,3,8.43755534181529,4.879722468058269,2.020848000546297,-0.02075979672372341,"Jake Woodford",18674,663765
"Eduard Bazardo","SEA",0,0,0,3,0,2.1,7.714289918240094,11.57143487736014,0,0.16666666666666666,0.75,0.166666666,0,,3.857144959120047,3.389470402041772,5.35591411201385,7.251647972591425,-0.022753385826945305,"Eduard Bazardo",20997,660825
"Tomoyuki Sugano","COL",0,0,0,1,1,4.2,7.714286765273879,3.8571433826369397,1.9285716913184698,0.09090909090909091,1,0.5,0.25,92.8805919828869,1.9285716913184698,3.8925039851515626,5.5701989796697315,4.048306371603771,-0.02316189371049404,"Tomoyuki Sugano",35321,608372
"Colin Rea","CHC",0,0,1,1,0,3,12,0,3,0.375,0.76923077,0.444444444,0.5,94.34812298943015,6,4.966902767039112,4.879722468058269,1.5293617119391765,-0.023712873458862305,"Colin Rea",12317,607067
"Steven Matz","TBR",1,0,0,1,1,5,3.6,1.8,1.8,0.29411764705882354,0.53571429,0.333333333,0.166666666,,7.2,8.052837539225381,5.613055801391601,4.782406440377235,-0.02549814060330391,"Steven Matz",13361,571927
"Paul Blackburn","NYY",0,1,0,1,0,1.1,0,6.750001609325793,0,0.42857142857142855,0.75,0.857142857,0,,6.750001609325793,3.5541920134988283,5.463056337833533,6.568900750853407,-0.025785773992538452,"Paul Blackburn",14739,621112
"Tyler Holton","DET",0,0,0,2,0,1.2,5.400002059937309,16.20000617981193,0,0,1,0.5,0,92.43838936941964,0,3.630473115920693,7.413057403565064,9.18240871750466,-0.026071375235915184,"Tyler Holton",26231,663947
"Clayton Beeter","WSN",0,0,1,2,0,2,4.5,9,0,0,1,0.8,0,96.85348307291666,0,6.614824166611268,5.213055801391602,5.9502852343022825,-0.026323840022087097,"Clayton Beeter",27494,690925
"David Bednar","NYY",0,0,2,2,0,2,4.5,9,0,0.2,1,0.8,0,96.56338936941964,0,6.459557262092759,5.213055801391602,5.213055801391602,-0.02675861492753029,"David Bednar",19569,670280
"Chris Roycroft","STL",0,0,0,2,0,1.1,0,6.750001609325793,0,0.5454545454545454,0.57142857,0.8,0,95.17478434244792,20.250004827977378,3.1573240136850416,5.463056337833533,6.568900750853407,-0.02678852155804634,"Chris Roycroft",31261,688297
"Michael Lorenzen","COL",0,0,0,1,1,4.1,8.307692917141027,0,2.076923229285257,0.4,0.78947368,0.5,0.333333333,93.51994018554687,6.230769687855771,7.401337792476082,5.751517526073583,3.7722965956782044,-0.029545092955231667,"Michael Lorenzen",14843,547179
"Bailey Ober","MIN",0,0,0,1,1,4,2.25,2.25,2.25,0.21428571428571427,0.55555556,0.466666666,0.2,89.99900817871094,6.75,5.934175576517611,6.713055801391602,5.306129383668304,-0.030348556116223335,"Bailey Ober",21224,641927
"Joel Payamps","ATL",0,0,0,1,0,0.1,0,27.000028163224034,0,0.5,0.5,0.5,0,94.5452880859375,27.000028163224034,19.033012548483054,12.213065189132948,16.636446400543182,-0.03108990378677845,"Joel Payamps",14332,606303
"Joey Lucchesi","LAA",0,0,0,2,0,2,9.00000429153647,13.500006437304705,0,0.5,0.71428571,0.875,0,92.28093610491071,9.00000429153647,4.452973647839188,5.713056993485066,6.450286777934302,-0.03197746351361275,"Joey Lucchesi",19320,664192
"Clay Holmes","NYM",1,0,0,1,1,5.2,7.94117736156434,4.764706416938604,1.588235472312868,0.21428571428571427,0.89285714,0.666666666,0.25,,3.176470944625736,5.377968551522736,5.330703097808759,4.0773798036518105,-0.032887544482946396,"Clay Holmes",13649,605280
"Hogan Harris","ATH",0,0,0,2,0,2,0,9.00000429153647,0,0.25,1,0.5,0,95.64965239025298,0,2.8945529726713377,6.2130572319037585,9.161976369700703,-0.035303499549627304,"Hogan Harris",21520,663687
"Nathan Eovaldi","TEX",0,1,0,1,1,4.2,13.50000183922929,0,3.8571433826369397,0.46153846153846156,0.57692308,0.466666666,0.4,94.65463692801339,9.64285845659235,2.881544071986315,5.7844847231495615,1.7928329641387686,-0.035712528973817825,"Nathan Eovaldi",9132,543135
"Andrew Hoffmann","ARI",0,0,0,1,0,1.2,0,10.800004119874618,0,0.2,1,0.4,0,95.12084147135417,0,7.68566527244012,8.613057861328912,10.382409175268506,-0.03656461089849472,"Andrew Hoffmann",29633,694851
"Eric Orze","MIN",0,0,0,1,0,1.1,0,6.750001609325793,0,0,1,0.25,0,91.63299560546875,0,1.4107637657611654,5.463056337833533,8.780589576893156,-0.038634587079286575,"Eric Orze",27626,679358
"Zach Pop","PHI",0,0,0,2,0,2,4.5,9,0,0.16666666666666666,0.5,0.5,0,95.86936442057292,9,4.174792066829425,6.713055801391602,8.924744100123643,-0.040163200348615646,"Zach Pop",20185,647315
"Reynaldo López","ATL",0,0,0,1,1,6,4.5,3,1.5,0.125,1,0.294117647,0.111111111,94.48451791158537,1.5,4.501028329563691,5.379722468058269,5.424744100123645,-0.041214313358068466,"Reynaldo Lopez",16400,625643
"Ryan Weiss","HOU",0,0,0,2,0,3,15,6,3,0.2,1,0.166666666,0.25,95.65110560825893,3,3.3596383772009797,6.213055801391603,3.8456676224867508,-0.04287690296769142,"Ryan Weiss",24621,680802
"Freddy Peralta","NYM",1,0,0,1,1,5,12.6,0,3.6,0.3333333333333333,0.625,0.5,0.5,94.68492713341347,7.2,2.59014056715158,5.613055801391601,1.592622894048691,-0.04316985234618187,"Freddy Peralta",18679,642547
"Cionel Pérez","WSN",0,0,0,2,0,2,13.5,0,4.5,0,1,0.25,0.333333333,96.40644836425781,4.5,15.39483736423228,6.713055801391602,2.424744100123644,-0.04330321028828621,"Cionel Perez",19614,672335
"Walbert Urena","LAA",0,1,0,2,0,1.2,10.800004119874618,16.20000617981193,0,0.5,0.25,0.7,0,98.58651297433036,0,7.049397120904916,6.213056945801219,7.097732602771016,-0.04341001436114311,"Walbert Urena",29357,700712
"Luke Weaver","NYM",0,0,0,2,0,2,4.5,9,0,0.16666666666666666,1,0.4,0,94.82878766741071,0,3.7000191060499814,5.213055801391602,6.687514667212963,-0.04388870671391487,"Luke Weaver",16918,596133
"Brady Singer","CIN",0,0,0,1,1,4,11.25,4.5,2.25,0.36363636363636365,0.75757576,0.416666666,0.25,,6.75,7.50551071712782,6.213055801391602,4.437514667212963,-0.04883440211415291,"Brady Singer",25377,663903
"Carter Baumler","TEX",0,0,0,2,0,2.2,10.125002413988689,16.87500402331448,0,0.3333333333333333,0.875,0.333333333,0,95.46527569110577,3.3750008046628963,6.500614651207694,7.7130568742754635,9.371823493805277,-0.048843078315258026,"Carter Baumler",30231,691945
"Jesús Luzardo","PHI",0,1,0,1,1,6,10.5,1.5,3,0.26666666666666666,0.23809524,0.529411764,0.333333333,96.90950833834134,9,2.867392230822418,5.713055801391603,2.8541813338796302,-0.048896051943302155,"Jesus Luzardo",19959,666200
"Jordan Hicks","CHW",0,0,1,3,0,2.1,7.714289918240094,19.285724795600235,0,0.3333333333333333,0.57142857,0.5,0,,11.57143487736014,7.129906861207142,7.927344084760548,9.19116665847893,-0.05231614038348198,"Jordan Hicks",19618,663855
"José Urquidy","PIT",0,0,1,1,0,1,0,9,0,0.3333333333333333,0.5,0.333333333,0,92.91035461425781,0,7.261778242075715,6.213055801391602,9.161973533034324,-0.05320978909730911,"Jose Urquidy",18413,664353
"Anthony Kay","CHW",0,0,0,1,1,4.2,9.64285845659235,7.714286765273879,1.9285716913184698,0.18181818181818182,0.89285714,0.5,0.5,96.2498550415039,3.8571433826369397,7.017407169863327,6.4273419535890515,4.273538316937176,-0.05637625604867935,"Anthony Kay",20387,641743
"Aaron Nola","PHI",0,0,0,1,1,5,12.6,3.6,3.6,0.2727272727272727,0.95238095,0.307692307,0.333333333,91.89769071691177,5.4,7.044410549504679,6.813055801391602,3.3824064403772356,-0.05689685046672821,"Aaron Nola",16149,605400
"Matthew Liberatore","STL",0,0,0,1,1,5,3.6,3.6,1.8,0.3157894736842105,1,0.35,0.1,93.91527478448276,1.8,3.315574255081647,6.213055801391602,6.561973533034324,-0.05776282772421837,"Matthew Liberatore",22294,669461
"Garrett Cleavinger","TBR",1,1,0,3,0,2.1,11.571430147910819,15.428573530547759,0,0.42857142857142855,0.71428571,0.333333333,0,94.62169647216797,7.714286765273879,7.564354911456737,5.7844847231495615,7.680217808907305,-0.059589579701423645,"Garrett Cleavinger",17897,664076
"Miles Mikolas","WSN",0,1,0,1,1,5,7.2,5.4,1.8,0.29411764705882354,0.39473684,0.333333333,0.1,92.31449196555398,7.2,2.8028803294949376,6.013055801391602,6.361973533034325,-0.06059880554676056,"Miles Mikolas",9803,571945
"Ben Brown","CHC",0,0,0,1,0,3.1,8.10000077247627,2.70000025749209,2.70000025749209,0.25,0.76923077,0.555555555,0.25,96.38222434303977,5.40000051498418,2.631119058910363,6.213056087493925,4.082406523284981,-0.06511615961790085,"Ben Brown",23590,676962
"Paul Skenes","PIT",0,1,0,1,1,0.2,13.500014081612017,27.000028163224034,0,0.8,0.28571429,0.2,0,98.44774451622597,67.50007040806008,6.412050295721105,13.713066753756504,20.348138570871857,-0.0658259466290474,"Paul Skenes",33677,694973
"Kyle Backhus","PHI",0,0,0,2,0,1.1,6.750001609325793,6.750001609325793,6.750001609325793,0.5,0.55555556,0.285714285,0.5,,20.250004827977378,12.312378412870748,13.713058304787278,6.174744806245329,-0.0666881874203682,"Kyle Backhus",29615,679775
"Jake Irvin","WSN",1,0,0,1,1,5,12.6,1.8,3.6,0.1,1,0.166666666,0.4,93.483642578125,3.6,3.564854943359435,6.213055801391602,2.487514667212963,-0.0692979022860527,"Jake Irvin",21504,663623
"José Buttó","SFG",0,0,0,1,0,0.2,27.000028163224034,0,13.500014081612017,1,1,0,1,95.06640014648437,13.500014081612017,38.58706060000307,16.71306988300362,-0.5752598513975093,-0.07220537960529327,"Jose Butto",23313,676130
"Colin Holderman","CLE",0,0,0,2,0,3,9,6,3,0.125,0.38461538,0.666666666,0.333333333,96.54019927978516,6,6.580698297181754,7.546389134724935,4.687514667212964,-0.07258813083171844,"Colin Holderman",22361,670059
"Tyler Heineman","TOR",0,0,0,1,0,2,0,4.5,4.5,0.5,0.45454545,0.076923076,0.142857142,52.06572356047454,22.5,16.974138663769164,11.2130558013916,9.873661831766366,-0.07286778092384338,"Tyler Heineman",13897,623168
"Connor Brogdon","CLE",1,0,1,2,0,2,13.5,0,4.5,0.25,0,0.4,0.333333333,94.57213416466347,4.5,10.801763378560103,6.713055801391602,2.424744100123644,-0.07294224202632904,"Connor Brogdon",21205,641401
"Drew Pomeranz","LAA",0,1,0,2,0,2,0,9,0,0.25,0.4,0.142857142,0,93.22313343394886,13.5,6.974534109814194,7.713055801391602,9.924744100123643,-0.07536686211824417,"Drew Pomeranz",11426,519141
"Mike Burrows","HOU",0,1,0,1,1,5.2,9.529412833877208,3.176470944625736,3.176470944625736,0.4375,0.73170732,0.277777777,0.2,94.60113525390625,7.94117736156434,4.172795908036518,6.742467962086864,4.756218678920452,-0.07785303890705109,"Mike Burrows",24728,681347
"Kody Funderburk","MIN",0,1,0,3,0,2.2,16.875010058289803,6.75000402331592,3.37500201165796,0.5714285714285714,0.89285714,0.625,1,,6.75000402331592,6.6608987648201206,6.588057813049563,2.2659773115718433,-0.078180231153965,"Kody Funderburk",24993,681892
"Jeremiah Estrada","SDP",0,1,0,1,0,0.2,27.000028163224034,40.50004224483605,0,1,0,1,0,96.45941162109375,54.00005632644807,5.998837395670301,10.71306362450939,10.71306362450939,-0.08047189563512802,"Jeremiah Estrada",22210,669093
"Gavin Williams","CLE",0,1,0,1,1,5,12.6,10.8,1.8,0.125,0.75757576,0.333333333,0.166666666,97.75601932920259,5.4,4.467990053373865,6.613055801391601,5.782406440377235,-0.08077332377433777,"Gavin Williams",30122,668909
"Jacob Webb","CHC",0,0,0,2,0,2,9,9,4.5,0,0.625,0.6,0.5,93.56272259880515,0,16.721528295409012,10.7130558013916,5.687514667212963,-0.08099661022424698,"Jacob Webb",19274,657097
"Andrés Muñoz","SEA",0,1,0,2,0,2,13.5,0,4.5,0.4,0,0.6,1,97.9755859375,9,4.1644797314592825,6.713055801391602,0.9502852343022825,-0.08173711597919464,"Andres Munoz",20373,662253
"Brant Hurter","DET",0,0,0,2,0,3,3,0,3,0.2727272727272727,1,0.583333333,0.333333333,92.85943603515625,3,7.931776389059366,6.879722468058269,4.020848000546297,-0.08271794766187668,"Brant Hurter",30133,676428
"Tyler Gilbert","CHW",0,0,0,1,0,1,0,9,9,0.25,0.625,0.4,0.333333333,,18,45.22074710624024,19.2130558013916,10.636432398855685,-0.08374547958374023,"Tyler Gilbert",17964,656457
"Justin Verlander","DET",0,1,0,1,1,3.2,2.454545880152248,4.909091760304496,2.454545880152248,0.3333333333333333,0.45454545,0.1875,0.142857142,93.26141716452206,12.272729400761241,11.352616413103549,7.849420241679182,7.118841586113763,-0.08463852852582932,"Justin Verlander",8700,434378
"Jedixson Paez","CHW",0,0,0,2,0,1.2,0,10.800004119874618,5.400002059937309,0.16666666666666666,0.38461538,0.571428571,0.333333333,92.10405815972223,16.20000617981193,8.00944593312102,14.613060150148144,9.467084145592535,-0.08746588230133057,"Jedixson Paez",29114,699151
"Hoby Milner","CHC",0,0,0,2,0,2,0,0,4.5,0.25,0.76923077,0.444444444,0.333333333,,9,7.273255643140074,11.2130558013916,6.924744100123644,-0.09350137412548065,"Hoby Milner",13346,571948
"Ken Waldichuk","WSN",0,0,0,1,0,1.1,13.500003218651585,13.500003218651585,6.750001609325793,0.25,0.76923077,0.5,1,93.97718098958333,13.500003218651585,18.16872612071911,14.463058483601255,5.81890057203943,-0.0956747755408287,"Ken Waldichuk",27681,686610
"Shawn Armstrong","CLE",0,0,0,3,0,2.2,10.12500603497388,3.37500201165796,3.37500201165796,0.3333333333333333,1,0.571428571,0.333333333,93.516845703125,3.37500201165796,5.592917773408989,6.963058036567114,3.7468223435902854,-0.0964992493391037,"Shawn Armstrong",12857,542888
"Drew Anderson","DET",0,0,0,1,0,1.1,0,13.500003218651585,6.750001609325793,0.2,1,0.333333333,0.5,94.32359619140625,6.750001609325793,35.935251885630436,17.463059198857163,9.924745700315214,-0.09855551272630692,"Drew Anderson",15130,623454
"Zac Gallen","ARI",0,1,0,1,1,4,4.5,4.5,2.25,0.2857142857142857,0.53571429,0.533333333,0.333333333,94.66096540178572,9,12.263286317509388,6.963055801391602,4.818899950757623,-0.09886950999498367,"Zac Gallen",19291,668678
"Walker Buehler","SDP",0,1,0,1,1,4,6.75,4.5,2.25,0.3333333333333333,0.75757576,0.692307692,0.333333333,93.380859375,6.75,6.468815210647272,7.213055801391602,5.068899950757623,-0.09994087368249893,"Walker Buehler",19374,621111
"Ryan Walker","SFG",0,0,1,3,0,2.1,11.571430147910819,7.714286765273879,3.8571433826369397,0.2,0.76923077,0.333333333,0.333333333,95.52030181884766,7.714286765273879,6.534544900170998,8.784485131867182,5.108788887149346,-0.10182863473892212,"Ryan Walker",20423,676254
"Slade Cecconi","CLE",0,1,0,1,1,4.1,10.384616146426286,6.230769687855771,2.076923229285257,0.38461538461538464,0.52083333,0.285714285,0.142857142,92.65142463235294,12.461539375711542,7.955121131418495,7.3669022599621155,6.74872038247784,-0.1032080352306366,"Slade Cecconi",27500,677944
"John Schreiber","KCR",0,0,1,2,0,2,4.5,0,4.5,0.16666666666666666,1,0.285714285,0.25,93.32537841796875,4.5,7.802765147359385,8.7130558013916,5.161973533034325,-0.10596832633018494,"John Schreiber",20020,670167
"Chris Paddack","MIA",0,1,0,1,1,4,13.5,0,4.5,0.5,0.16129032,0.384615384,0.5,93.03091251148896,18,4.691913633021621,7.463055801391602,2.4375146672129633,-0.10649027675390244,"Chris Paddack",20099,663978
"Ranger Suarez","BOS",0,1,0,1,1,4.1,6.230769687855771,2.076923229285257,4.153846458570514,0.35714285714285715,0.76923077,0.3125,0.285714285,91.56286010742187,8.307692917141027,9.56369031959533,8.520748498453926,4.902566400890945,-0.10793446004390717,"Ranger Suarez",17277,624133
"Ryan Borucki","SFG",0,0,0,2,0,1.2,5.400002059937309,5.400002059937309,5.400002059937309,0,1,0.6,0.5,,5.400002059937309,5.436570842624699,11.613059005738528,5.58240734421312,-0.11300308257341385,"Ryan Borucki",16350,621366
"Taylor Clarke","ARI",0,0,0,2,0,1.1,6.750001609325793,0,6.750001609325793,0.4,0,0,0.25,95.90534973144531,27.00000643730317,46.805667711829656,13.713058304787278,8.386433632285078,-0.1250467449426651,"Taylor Clarke",17611,664199
"Johan Oviedo","BOS",0,0,0,1,0,3.2,7.363637640456744,2.454545880152248,4.909091760304496,0.36363636363636365,0.76923077,0.461538461,0.333333333,92.936259765625,9.818183520608992,12.044527420674365,10.30396612183143,5.625807091095455,-0.12935498356819153,"Johan Oviedo",22487,670912
"Roddery Muñoz","HOU",0,0,0,2,0,2.2,13.500003218651585,13.500003218651585,3.3750008046628963,0.3333333333333333,0.89285714,0.285714285,0.333333333,95.11021021792763,6.750001609325793,8.311430963186313,9.588057321310405,6.371822778549368,-0.13180331885814667,"Roddery Munoz",25311,682610
"Bryan Abreu","HOU",0,0,0,2,0,1.1,20.250004827977378,27.00000643730317,6.750001609325793,0,0.27777778,0,0.5,94.43595377604167,27.00000643730317,6.829267567433784,17.463059198857163,9.924745700315214,-0.13747695088386536,"Bryan Abreu",16609,650556
"Christian Roa","HOU",0,0,0,2,0,1.1,13.500003218651585,13.500003218651585,6.750001609325793,0,1,0.333333333,0.5,96.30520629882812,6.750001609325793,17.589334439389773,14.463058483601255,6.924744985059306,-0.13799996674060822,"Christian Roa",27662,685005
"Ryan Johnson","LAA",0,1,0,1,1,3.1,5.40000051498418,10.80000102996836,2.70000025749209,0.42857142857142855,0.52083333,0.266666666,0.142857142,,16.20000154495254,5.663405473489851,9.513056402206479,8.709419943790593,-0.1403062343597412,"Ryan Johnson",35325,696270
"Mason Englert","TBR",0,0,0,1,0,1,9,0,18,0.3333333333333333,0,0,0.5,93.6740010579427,27,52.95803263400604,27.2130558013916,7.110891264677048,-0.14174921810626984,"Mason Englert",22288,669438
"Chase Dollander","COL",1,0,0,1,0,4,11.25,4.5,6.75,0.2222222222222222,1,0.333333333,0.428571428,98.54864908854167,9,7.268628199004424,11.9630558013916,4.793358816578984,-0.15256468951702118,"Chase Dollander",33482,801403
"Yaramil Hiraldo","BAL",0,0,0,2,0,0.2,27.000028163224034,40.50004224483605,13.500014081612017,0,1,0,1,96.29150390625,13.500014081612017,10.150159323499274,30.213083964615635,12.924754230214507,-0.16532593965530396,"Yaramil Hiraldo",25215,682274
"Ryne Nelson","ARI",0,0,0,1,1,4.2,7.714286765273879,5.7857150739554095,3.8571433826369397,0,0.45454545,0.25,0.25,96.9012920673077,7.714286765273879,9.610650496754376,8.998770875347011,5.95498565921509,-0.17685213685035706,"Ryne Nelson",26253,669194
"Spencer Miles","TOR",1,0,0,2,0,2.2,10.125002413988689,6.750001609325793,3.3750008046628963,0.3333333333333333,0.55555556,0.142857142,0.25,96.18656652113971,10.125002413988689,9.09910907093542,8.088056963682451,5.424744627431352,-0.17784790694713593,"Spencer Miles",31621,693686
"Michael Kelly","ATH",0,0,0,2,0,2.1,7.714286765273879,0,3.8571433826369397,0.42857142857142855,0.76923077,0.125,1,96.4584228515625,7.714286765273879,11.612424800039618,7.070199184028541,2.1306808821388765,-0.17983005940914154,"Michael Kelly",12791,547184
"Seranthony Domínguez","CHW",0,1,0,2,0,1.1,0,6.750001609325793,6.750001609325793,0.3333333333333333,0.76923077,0.142857142,0.2,97.47298177083333,13.500003218651585,25.456276969886694,15.213058662415232,10.992278402932907,-0.1834605634212494,"Seranthony Dominguez",19249,622554
"Justin Lawrence","PIT",0,0,0,3,0,2.2,16.87500402331448,6.750001609325793,6.750001609325793,0,1,0.2,0.5,95.00404866536458,6.750001609325793,8.745258855133752,11.463057768345347,3.9247442698033974,-0.18374209105968475,"Justin Lawrence",17639,664875
"Emilio Pagán","CIN",0,0,1,2,0,2.1,7.714286765273879,3.8571433826369397,3.8571433826369397,0.16666666666666666,1,0,0.25,94.66756591796874,3.8571433826369397,3.7660019960698192,8.35591364490752,5.3121284287756,-0.18493059277534485,"Emilio Pagan",14771,641941
"Brendon Little","TOR",0,0,0,2,0,1.1,20.250021122418026,13.500014081612017,6.750007040806008,0.8333333333333334,0.15151515,0.571428571,0.5,96.46115112304688,47.250049285642056,10.093057808192775,12.963065971444726,5.42474640709672,-0.19206072390079498,"Brendon Little",21574,663893
"Tanner Bibee","CLE",0,0,0,1,1,5,12.6,3.6,5.4,0.125,1,0.363636363,0.75,94.96265587439903,5.4,7.475027626318977,9.413055801391602,2.792622894048691,-0.19797532260417938,"Tanner Bibee",30134,676440
"Luis Morales","ATH",0,1,0,1,1,4.1,10.384616146426286,4.153846458570514,6.230769687855771,0.2,0.71428571,0.076923076,0.333333333,96.72571672712054,10.384616146426286,13.218669335328526,11.289979470834268,5.352316679648133,-0.22887767851352692,"Luis Morales",32227,806960
"Carlos Estévez","KCR",0,1,0,1,0,0.1,0,54.00005632644807,27.000028163224034,0.75,0,0,0.5,91.25673828125,162.0001689793442,29.54475538794094,60.213115257086784,30.059836999694763,-0.2633666694164276,"Carlos Estevez",14542,608032
"Griffin Jax","TBR",0,1,0,3,0,2,4.500002413989408,4.500002413989408,4.500002413989408,0.16666666666666666,0,0.5,0.333333333,97.14430454799107,9.000004827978817,10.670700442552471,10.213059556486236,5.924745554787385,-0.2638028860092163,"Griffin Jax",20253,643377
"Cristian Javier","HOU",0,0,0,1,1,4.2,1.9285716913184698,7.714286765273879,3.8571433826369397,0.16666666666666666,0.55555556,0.461538461,0.285714285,92.50682114109848,11.571430147910819,6.955349213761906,12.213057027544462,8.853316297119584,-0.2780653238296509,"Cristian Javier",17606,664299
"Cole Ragans","KCR",0,1,0,1,1,4,11.25,9,6.75,0.3333333333333333,1,0.333333333,0.5,94.52476128472222,9,8.730376855725611,13.4630558013916,5.924744100123644,-0.282321035861969,"Cole Ragans",21846,666142
"Greg Weissert","BOS",0,1,0,2,0,1.2,16.20000617981193,10.800004119874618,10.800004119874618,0.3333333333333333,0.90909091,0,0.5,93.804931640625,16.20000617981193,40.17752048725821,18.813061752321605,6.751758429270794,-0.2971996068954468,"Greg Weissert",20375,669711
"Brandon Sproat","MIL",0,0,0,1,1,3,9,12,9,0.375,0.51724138,0.363636363,0.5,98.64824676513672,21,13.358457901368489,18.2130558013916,8.161973533034326,-0.3310794532299042,"Brandon Sproat",33850,687075
"Juan Morillo","ARI",0,1,0,3,0,2,4.500002413989408,9.000004827978817,4.500002413989408,0.16666666666666666,0.76923077,0.571428571,0.333333333,99.1273193359375,9.000004827978817,8.286619772911987,11.713060361149374,7.424746359450521,-0.35396823287010193,"Juan Morillo",21924,666661
"Victor Vodnik","COL",0,1,0,1,0,1,9,0,9,0.6666666666666666,0.76923077,0.25,1,99.48593139648438,18,28.265498337069584,17.2130558013916,5.687514667212963,-0.37068450450897217,"Victor Vodnik",24614,680767
"Hunter Barco","PIT",0,1,0,1,0,1,0,9,9,0.4,0.27777778,0.5,0.5,94.93489583333333,18,19.093919978274887,22.2130558013916,12.161973533034324,-0.4926629960536957,"Hunter Barco",33174,682995